AA,Codon,Mean
A,GCG,0.21675331103801998
A,GCC,-1.58381484077772
C,TGC,-0.425034459577004
D,GAC,-0.906933523488045
E,GAG,-1.08052184216181
F,TTC,-0.0363416430301235
G,GGG,-0.49252619870900993
G,GGC,-1.7310324018081
H,CAC,-0.826556008728345
I,ATC,-0.924818728713194
K,AAG,-0.362938726685445
L,CTC,-0.9226610690643391
L,TTG,-1.77555310833454
N,AAC,-0.897624695765972
P,CCG,-1.633258654452859
P,CCC,-1.43638041899999
Q,CAG,-1.61633501238028
R,AGG,-0.18767127772817999
R,CGG,-1.07364808259805
R,CGC,-1.61122876239618
S,TCG,-1.3555564521332588
S,TCC,-1.08946909531355
T,ACG,-0.892667665545147
T,ACC,-1.70420525813897
V,GTG,-1.84088565701246
V,GTC,-0.826877873790264
Y,TAC,-0.782529516744614
Z,AGC,-0.634357458138466
