AA,Codon,Mean
A,GCG,0.9785456008593301
A,GCC,1.52815165428321
C,TGC,1.12643234659036
D,GAC,1.04987943433523
E,GAG,1.49778604040941
F,TTC,0.0099104833241335
G,GGG,1.1623663430213902
G,GGC,2.39568748599688
H,CAC,0.798008688473701
I,ATC,0.925395819211006
K,AAG,0.103065548230708
L,CTC,1.305121156704424
L,TTG,0.777182163365682
N,AAC,0.644728371751308
P,CCG,2.688885705497861
P,CCC,1.67875744943619
Q,CAG,1.82618022816181
R,AGG,1.313416028851267
R,CGG,0.8614253948609001
R,CGC,2.50686375881831
S,TCG,1.450999094100796
S,TCC,1.15989568839868
T,ACG,1.30325294108391
T,ACC,1.36119632573128
V,GTG,0.9001515488704102
V,GTC,1.11070268873374
Y,TAC,0.536135771330198
Z,AGC,0.951013689156373
