DIC.LogLik	pD.LogLik.1	pD.LogLik.2	Loglik.at.posterior.mean	DIC.LogPost	pD.LogPost.1	pD.LogPost.2	LogPost.at.posterior.mean	Parameters	Samples.used
5587354.486917151	-2897.4414906231686	6164.030336083604	-2787513.213122492	5612191.619107874	-2323.614598164335	13750.36510558475	-2792345.4444483523	5903	7500
