DIC.LogLik	pD.LogLik.1	pD.LogLik.2	Loglik.at.posterior.mean	DIC.LogPost	pD.LogPost.1	pD.LogPost.2	LogPost.at.posterior.mean	Parameters	Samples.used
5523226.95819145	-2101.333370745182	5437.70490672284	-2756175.774189002	5559114.771533923	-1448.75392240379	18982.256390736955	-2760575.1293762247	5376	7500
