DIC.LogLik	pD.LogLik.1	pD.LogLik.2	Loglik.at.posterior.mean	DIC.LogPost	pD.LogPost.1	pD.LogPost.2	LogPost.at.posterior.mean	Parameters	Samples.used
5488314.328184913	-1854.1078871730715	4886.731577724074	-2739270.4325147322	5519711.774228492	-1348.5077185155824	16491.951713897713	-2743363.935400348	5062	7500
