DIC.LogLik	pD.LogLik.1	pD.LogLik.2	Loglik.at.posterior.mean	DIC.LogPost	pD.LogPost.1	pD.LogPost.2	LogPost.at.posterior.mean	Parameters	Samples.used
5336569.297860496	-1169.4308761544526	6578.566967340275	-2661706.0819629077	5361162.23352561	-708.414864285849	14030.072437333994	-2666551.044325471	5851	7500
