AA,Codon,Mean
A,GCG,0.897436221577723
A,GCC,0.654299809686343
C,TGC,0.42141957860589
D,GAC,0.852554234286149
E,GAG,0.321920003670454
F,TTC,0.567936153682073
G,GGG,0.43149485599398596
G,GGC,0.673800835422675
H,CAC,0.821640573445956
I,ATC,0.696051605319977
K,AAG,0.38368363516132
L,CTG,-0.061988096658388975
L,CTC,0.5248145691752439
L,TTG,0.229133397154013
N,AAC,0.676222603917122
P,CCG,0.7039107963696121
P,CCC,0.611944274322192
Q,CAG,0.319185673936208
R,AGG,0.41036820843617017
R,CGG,0.15790716777319802
R,CGC,0.455208207350969
S,TCG,0.7878979598363239
S,TCC,0.757448365239302
T,ACG,0.9368884896586329
T,ACC,0.712209186577797
V,GTG,0.0937573888154696
V,GTC,0.880338782966137
Y,TAC,0.547019207262993
Z,AGC,0.438570576544603
