AA,Codon,Mean
A,GCG,0.5731442966938011
A,GCC,0.12864347581019
C,TGC,0.517445216971636
D,GAC,-0.0573799581468105
E,GAG,0.389264907417695
F,TTC,-0.268473121097684
G,GGG,0.5442923239588751
G,GGC,0.527202346942822
H,CAC,-0.172147764054934
I,ATC,-0.0285027349019423
K,AAG,-0.324478873892625
L,CTG,0.607199040959775
L,CTC,0.79087975858053
L,TTG,-0.324898354919751
N,AAC,-0.319422581479947
P,CCG,1.460111471043033
P,CCC,0.877030207081636
Q,CAG,0.622693423406283
R,AGG,0.9045570011148848
R,CGG,0.3646213496684998
R,CGC,0.998577796244621
S,TCG,0.438294751280547
S,TCC,0.0119692602308301
T,ACG,0.573323416723808
T,ACC,-0.0214290045820642
V,GTG,0.10134881401459406
V,GTC,-0.0290525747790312
Y,TAC,-0.256112256049116
Z,AGC,0.137175433518986
