AA,Codon,Mean
A,GCG,-0.282738556523125
A,GCC,0.00472255489534153
C,TGC,-0.265851555701097
D,GAC,-0.0978209053960939
E,GAG,-0.631754833269119
F,TTC,-0.342610748223464
G,GGG,-0.6135191090384566
G,GGC,0.117983747257541
H,CAC,-0.337334061051408
I,ATC,-0.299571835906307
K,AAG,-0.49160141761899
L,CTG,-1.333712266294161
L,CTC,-0.517626104184985
L,TTG,-0.733125208747387
N,AAC,-0.350358925346533
P,CCG,-0.297368984213223
P,CCC,-0.254240667497118
Q,CAG,-0.686461409433683
R,AGG,-0.2147687499443649
R,CGG,-1.2858309625394884
R,CGC,-0.416845709524552
S,TCG,-0.3869446604761349
S,TCC,0.0753588025361144
T,ACG,-0.15807197612921398
T,ACC,0.138276149455706
V,GTG,-1.0580733045385575
V,GTC,0.0960466405743112
Y,TAC,-0.551528705702225
Z,AGC,-0.257898798752824
