AA,Codon,Mean
A,GCG,1.723031924064058
A,GCC,0.956014504957199
C,TGC,0.732058475573858
D,GAC,1.20310727094809
E,GAG,0.989113446080685
F,TTC,0.609990798632304
G,GGG,1.2382604270637059
G,GGC,1.28662321341038
H,CAC,0.944111091192563
I,ATC,0.848791339051723
K,AAG,0.72201840565602
L,CTG,0.747204994205631
L,CTC,1.034567618397873
L,TTG,0.018440120958318
N,AAC,0.737302023990949
P,CCG,1.499852010787525
P,CCC,1.38734406905969
Q,CAG,0.977848570124308
R,AGG,1.108904551780226
R,CGG,0.805062262556949
R,CGC,1.5781203413407
S,TCG,1.3198938100745183
S,TCC,0.890299162964026
T,ACG,1.3197061544209738
T,ACC,0.797233535389105
V,GTG,0.26660213531255594
V,GTC,1.05245640482108
Y,TAC,0.644616109192371
Z,AGC,0.70181123051246
