DIC.LogLik	pD.LogLik.1	pD.LogLik.2	Loglik.at.posterior.mean	DIC.LogPost	pD.LogPost.1	pD.LogPost.2	LogPost.at.posterior.mean	Parameters	Samples.used
4500853.729421522	-2078.7482846826315	4840.631640314054	-2245586.2330704466	4547166.840364858	-1751.8364276122302	23834.60055034814	-2249748.819632081	4929	7500
