DIC.LogLik	pD.LogLik.1	pD.LogLik.2	Loglik.at.posterior.mean	DIC.LogPost	pD.LogPost.1	pD.LogPost.2	LogPost.at.posterior.mean	Parameters	Samples.used
6155583.121152645	-2567.2844159360975	5972.783315142418	-3071818.77726118	6198909.113063003	-1837.0452900212258	25055.64709206919	-3074398.9094394324	6079	7500
