AA,Codon,Mean
A,GCG,-0.562834901038805
A,GCC,-0.485998045533895
C,TGC,-0.352735659690698
D,GAC,-0.704891295603911
E,GAG,-0.373213516271114
F,TTC,-0.71563206140995
G,GGG,-0.638029192867378
G,GGC,-0.369833103483915
H,CAC,-0.64961310848395
I,ATC,-0.684068908258279
K,AAG,-0.588201494320234
L,CTG,-0.6643082965393861
L,CTC,-0.653965721853574
L,TTG,-0.733322742696603
N,AAC,-0.787263017467658
P,CCG,-0.381288136533399
P,CCC,-0.633521291518211
Q,CAG,-0.438495975401004
R,AGG,-0.07765407219634514
R,CGG,-0.643135371297598
R,CGC,-0.461813308990002
S,TCG,-0.7787716242253779
S,TCC,-0.525599429923296
T,ACG,-0.614871119566758
T,ACC,-0.534685395063957
V,GTG,-0.813864493256807
V,GTC,-0.661813276855151
Y,TAC,-0.828011159213384
Z,AGC,-0.525934366214275
