AA,Codon,Mean
A,GCG,1.2763501544351399
A,GCC,0.692801777835687
C,TGC,0.746098768134912
D,GAC,0.973563763229052
E,GAG,1.11149215315183
F,TTC,0.632131675640742
G,GGG,0.7099499497512949
G,GGC,1.04876264574528
H,CAC,0.988444749744733
I,ATC,0.806888400979837
K,AAG,0.608233123596509
L,CTG,0.5995154019812721
L,CTC,1.127614470835529
L,TTG,0.299673997380336
N,AAC,0.732325800498327
P,CCG,1.36650045868456
P,CCC,0.901291377731164
Q,CAG,1.11783388062318
R,AGG,0.9321718611319811
R,CGG,0.8769832078337629
R,CGC,1.28419281169573
S,TCG,1.0873212723057706
S,TCC,0.715943824791908
T,ACG,1.099069822158407
T,ACC,0.681408920407295
V,GTG,0.46341854094465496
V,GTC,0.900439642401536
Y,TAC,0.701529220644633
Z,AGC,0.675157665252686
