AA,Codon,Mean
A,GCG,1.615911982103189
A,GCC,0.506806908595562
C,TGC,0.79079766925176
D,GAC,1.00892797669172
E,GAG,0.518023419924577
F,TTC,1.03873423546155
G,GGG,0.38003064606388404
G,GGC,0.711848202792803
H,CAC,1.00711002635558
I,ATC,1.00634219346444
K,AAG,0.65948240237236
L,CTC,1.00697678509553
L,TTG,-0.153282281713188
N,AAC,0.881866144410769
P,CCG,0.9645214646995071
P,CCC,0.471829536610842
Q,CAG,0.613154313615958
R,AGG,0.7490666123509421
R,CGG,0.946456485975285
R,CGC,0.828766959341367
S,TCG,0.783919796296954
S,TCC,0.622262623890241
T,ACG,1.127411611487469
T,ACC,0.579561126597722
V,GTG,-0.14951386763254804
V,GTC,1.12073510866165
Y,TAC,0.950429371070862
Z,AGC,0.788710620780786
