AA,Codon,Mean
A,GCG,0.49785872505902806
A,GCC,0.101734783984224
C,TGC,0.446656311291456
D,GAC,-0.0373482706043869
E,GAG,0.596076963639259
F,TTC,-0.28347743828098
G,GGG,0.18261352582772605
G,GGC,0.593893996198972
H,CAC,-0.193550774480899
I,ATC,-0.0538005486103396
K,AAG,0.0322473105279729
L,CTC,0.26278449225723804
L,TTG,-0.0934710806598266
N,AAC,-0.237243338365356
P,CCG,1.053070112886031
P,CCC,0.520949981035789
Q,CAG,0.713867488845189
R,AGG,1.106514498210947
R,CGG,0.33940101973215
R,CGC,1.00299606598616
S,TCG,0.31152676461935097
S,TCC,0.0278511294950886
T,ACG,0.39594017148415306
T,ACC,0.0296495537267377
V,GTG,-0.013319330656528017
V,GTC,-0.0260329833719259
Y,TAC,-0.306474942388137
Z,AGC,0.162652283673982
