AA,Codon,Mean
A,GCG,2.3997135884741962
A,GCC,1.07128151617845
C,TGC,2.51375653182666
D,GAC,2.50115497490565
E,GAG,1.93682165970802
F,TTC,1.37851606214841
G,GGG,0.8975502052073681
G,GGC,2.00772545399666
H,CAC,2.50653173596064
I,ATC,1.90469188319842
K,AAG,1.86974079349836
L,CTC,2.073780388947328
L,TTG,1.15642599596183
N,AAC,2.10773264767329
P,CCG,1.942172007893518
P,CCC,1.23050341886679
Q,CAG,2.24966576989492
R,AGG,1.587332901446025
R,CGG,1.739450963366032
R,CGC,2.3767130144755
S,TCG,2.065287462786838
S,TCC,1.30115458099842
T,ACG,1.8428371269897899
T,ACC,1.23223729235331
V,GTG,0.465465480828286
V,GTC,1.86003604626656
Y,TAC,2.60770311141014
Z,AGC,2.16852084093094
