DIC.LogLik	pD.LogLik.1	pD.LogLik.2	Loglik.at.posterior.mean	DIC.LogPost	pD.LogPost.1	pD.LogPost.2	LogPost.at.posterior.mean	Parameters	Samples.used
6198553.605690996	-2819.060596438125	6327.782707595927	-3092949.0201379023	6242439.543284133	-2040.1546812523156	23380.081921461286	-3097839.689720605	6079	7500
