AA,Codon,Mean
A,GCG,-0.80860971819063
A,GCC,-0.0405289621041002
C,TGC,0.510621638699373
D,GAC,0.131763214668135
E,GAG,0.564390741753578
F,TTC,0.130455975299577
G,GGG,-0.292076960090794
G,GGC,-1.15367909077803
H,CAC,0.063542713266045
I,ATC,0.38930208966732
K,AAG,1.18678040898641
L,CTG,-1.2479587113300958
L,CTC,-0.2398540167578193
L,TTG,0.136000844733417
N,AAC,0.426619288782279
P,CCG,-1.307708225133022
P,CCC,-0.0388772501224062
Q,CAG,-0.306905094194412
R,AGG,-0.319880203762398
R,CGG,-1.4543958359758071
R,CGC,-0.847499102139473
S,TCG,-0.7964975292623051
S,TCC,-0.35133271309336
T,ACG,-0.06002219257354702
T,ACC,0.578972386084
V,GTG,-0.425154877283176
V,GTC,0.800277316172918
Y,TAC,0.19541172871093
Z,AGC,-0.118293726127471
