AA,Codon,Mean
A,GCG,1.099409872957073
A,GCC,0.771850199592114
C,TGC,-0.441689370328188
D,GAC,0.276194474759698
E,GAG,-0.222162041050196
F,TTC,-0.201850104697545
G,GGG,0.6627051937619841
G,GGC,1.29085783849557
H,CAC,0.129540624269098
I,ATC,0.0669038635669276
K,AAG,-0.832399453894297
L,CTG,-0.044124318791428974
L,CTC,0.3689170017362253
L,TTG,-0.461885287280877
N,AAC,-0.118886900600791
P,CCG,1.182240711394944
P,CCC,0.734454624871413
Q,CAG,-0.156337936754028
R,AGG,0.866116485529145
R,CGG,1.1499620835264501
R,CGC,1.2860545202334701
S,TCG,1.0409777055740381
S,TCC,0.901948422821363
T,ACG,0.297720238896209
T,ACC,0.374009473077456
V,GTG,0.268169357041518
V,GTC,0.00556139987788204
Y,TAC,-0.269277518439293
Z,AGC,0.300590363117059
