AA,Codon,Mean
A,GCG,1.8216530531690698
A,GCC,1.27142838973204
C,TGC,0.855522271462282
D,GAC,1.52269272259871
E,GAG,0.567744428129991
F,TTC,0.604097288386027
G,GGG,0.508564284473161
G,GGC,1.46105987120469
H,CAC,1.40617917647362
I,ATC,0.810116591930389
K,AAG,0.544203573477268
L,CTG,0.38744356718857986
L,CTC,0.939643350748217
L,TTG,-0.143939407341182
N,AAC,1.08202624453704
P,CCG,1.988835792454083
P,CCC,0.743822826031844
Q,CAG,0.954287309026718
R,AGG,0.8023100611686709
R,CGG,0.5813119630234398
R,CGC,1.28837200273673
S,TCG,1.638220745821793
S,TCC,0.735246849580606
T,ACG,1.533312445694212
T,ACC,1.03645872414509
V,GTG,-0.43553177483081607
V,GTC,1.27433834845225
Y,TAC,1.20365999492804
Z,AGC,0.977952794190248
