AA,Codon,Mean
A,GCG,2.460730284073165
A,GCC,1.45829000207583
C,TGC,1.79053239324093
D,GAC,2.23395358686447
E,GAG,1.16088222784996
F,TTC,0.555282583796978
G,GGG,0.3923962897419879
G,GGC,2.28006655755043
H,CAC,2.1520667224884
I,ATC,1.03696268531879
K,AAG,0.968872672267755
L,CTG,0.9140994101365401
L,CTC,1.3469726549386898
L,TTG,0.408724518920978
N,AAC,1.5074017802159
P,CCG,2.655683171216649
P,CCC,1.45324958538214
Q,CAG,1.79061256214778
R,AGG,1.5789682809593744
R,CGG,0.65568973893722
R,CGC,2.31923907319705
S,TCG,2.398710300676032
S,TCC,0.986115364007155
T,ACG,2.167756772357226
T,ACC,1.51367722835541
V,GTG,-0.47938693527381004
V,GTC,1.70416095665296
Y,TAC,1.83528228290081
Z,AGC,1.85363190126419
