AA,Codon,Mean
A,GCG,0.16362857262293506
A,GCC,0.0798589945976933
C,TGC,0.519815921574831
D,GAC,-0.0868963493466377
E,GAG,0.604669646588961
F,TTC,-0.244773490985235
G,GGG,0.1191208407402059
G,GGC,0.438809257868926
H,CAC,-0.235359135182699
I,ATC,-0.132546978105605
K,AAG,0.173472412324945
L,CTG,0.36204734303553904
L,CTC,0.27823314756850404
L,TTG,0.0878676523620884
N,AAC,-0.430388346195221
P,CCG,0.8082283389051759
P,CCC,1.32892390722434
Q,CAG,0.678426981012026
R,AGG,1.2517637372583141
R,CGG,0.08609115453561023
R,CGC,0.409202952500184
S,TCG,0.6116273234228289
S,TCC,0.0983269509643316
T,ACG,0.704067051049074
T,ACC,-0.0848199980725845
V,GTG,-0.33913567078511186
V,GTC,-0.0533741594819973
Y,TAC,-0.364917711017529
Z,AGC,-0.0168597361491328
