DIC.LogLik	pD.LogLik.1	pD.LogLik.2	Loglik.at.posterior.mean	DIC.LogPost	pD.LogPost.1	pD.LogPost.2	LogPost.at.posterior.mean	Parameters	Samples.used
6129040.631229412	-2722.6419828496873	6410.131688594797	-3058110.183926111	6174348.937424748	-1797.1681330502033	25314.187123951622	-3061860.2815884226	6119	7500
