AA,Codon,Mean
A,GCG,1.406856385984023
A,GCC,0.445587913413843
C,TGC,0.466592982731263
D,GAC,0.302575936571757
E,GAG,0.44274903271397
F,TTC,0.0576380509216338
G,GGG,0.98099608104825
G,GGC,0.0572048379306216
H,CAC,0.569025117417177
I,ATC,0.0954859713405371
K,AAG,0.0389328386909639
L,CTC,0.269322392459711
L,TTG,-0.861385377621651
N,AAC,0.204502603765329
P,CCG,0.4619709387769304
P,CCC,0.372385251241922
Q,CAG,-0.135569266444445
R,AGG,0.9836113946783029
R,CGG,0.6527019201661151
R,CGC,0.59900070592165
S,TCG,0.3010985225458477
S,TCC,0.558250650620461
T,ACG,0.59769490049233
T,ACC,0.482707595316569
V,GTG,0.19125733378378668
V,GTC,0.390719341929754
Y,TAC,0.0759446475788951
Z,AGC,0.218566505654653
