AA,Codon,Mean
A,GCG,1.450099420676628
A,GCC,0.295254834551613
C,TGC,0.939057826817036
D,GAC,-0.117883827731013
E,GAG,0.663128881549835
F,TTC,-0.32942720203797
G,GGG,1.1976483195424108
G,GGC,0.462347769560417
H,CAC,0.0184723348760145
I,ATC,-0.211596713969111
K,AAG,-0.656547513329983
L,CTC,0.22445425326824986
L,TTG,-1.34936489437421
N,AAC,-0.481538458540042
P,CCG,1.3246359496626932
P,CCC,0.462540902050336
Q,CAG,-0.220983010262251
R,AGG,1.9106623442133288
R,CGG,0.56054097607136
R,CGC,1.47717786299388
S,TCG,-0.22955375009576506
S,TCC,0.338939157970746
T,ACG,0.48139573295911103
T,ACC,0.122650844040016
V,GTG,-9.893801560001414e-5
V,GTC,0.119098541810612
Y,TAC,-0.52139170795083
Z,AGC,0.147590064888696
