AA,Codon,Mean
A,GCG,0.249738556162516
A,GCC,0.027492368302991
C,TGC,0.232995274921258
D,GAC,-0.114242754024764
E,GAG,0.238760061878959
F,TTC,-0.235785286355019
G,GGG,0.359627752800783
G,GGC,0.385853296726942
H,CAC,-0.293204063491027
I,ATC,-0.0294703632970651
K,AAG,-0.379528030655781
L,CTC,0.12085778163671498
L,TTG,-0.141959887045125
N,AAC,-0.325985489143928
P,CCG,0.852400037902594
P,CCC,0.358774609722694
Q,CAG,0.251276314114531
R,AGG,0.525677569013337
R,CGG,-0.20569959576130015
R,CGC,0.45684557932814
S,TCG,-0.13862119839290699
S,TCC,0.00920257935273197
T,ACG,0.147579952230056
T,ACC,-0.0295478493768101
V,GTG,-0.107063166646163
V,GTC,-0.0236713795264252
Y,TAC,-0.309943313022455
Z,AGC,0.0226001455086746
