DIC.LogLik	pD.LogLik.1	pD.LogLik.2	Loglik.at.posterior.mean	DIC.LogPost	pD.LogPost.1	pD.LogPost.2	LogPost.at.posterior.mean	Parameters	Samples.used
5453595.34054536	-2248.9069684324786	4830.0074381016775	-2721967.662834578	5484170.00486639	-1920.1712231216952	15794.309276497122	-2726290.693156698	5138	7500
