DIC.LogLik	pD.LogLik.1	pD.LogLik.2	Loglik.at.posterior.mean	DIC.LogPost	pD.LogPost.1	pD.LogPost.2	LogPost.at.posterior.mean	Parameters	Samples.used
5477526.028308068	-1584.9954409282655	5030.905510345893	-2733732.1086436883	5511580.176202656	-1163.3535199956968	17911.85438759696	-2737878.2337137307	4944	7500
