AA,Codon,Mean
A,GCG,1.762294757012528
A,GCC,0.781657653768857
C,TGC,1.22304124910831
D,GAC,1.34265813508828
E,GAG,0.809632598936558
F,TTC,0.726421873927116
G,GGG,0.7899980058208698
G,GGC,1.12976543310483
H,CAC,1.20842560388247
I,ATC,0.91028566220204
K,AAG,0.594376665449142
L,CTC,0.93721470664342
L,TTG,-0.18726230173111
N,AAC,0.978560859791438
P,CCG,1.444413814302281
P,CCC,0.533234185079734
Q,CAG,1.1990069930315
R,AGG,0.894969603921721
R,CGG,1.517089988966783
R,CGC,1.00567150792678
S,TCG,1.085922495868802
S,TCC,0.391886371392012
T,ACG,1.1089356607853134
T,ACC,0.802103884712855
V,GTG,-0.01969160671631498
V,GTC,1.0914743219614
Y,TAC,0.789751412959894
Z,AGC,1.1811705177784
