AA,Codon,Mean
A,GCG,0.14902970474759697
A,GCC,0.0877955339565873
C,TGC,0.234256201598048
D,GAC,-0.0771106546541055
E,GAG,0.230282503722111
F,TTC,-0.16048713858823
G,GGG,0.37209177904129004
G,GGC,0.447628174557288
H,CAC,-0.240823122101029
I,ATC,-0.0339990487143397
K,AAG,-0.0918469446122646
L,CTC,0.144736273535093
L,TTG,-0.184788308241963
N,AAC,-0.254060809584459
P,CCG,0.525331964450081
P,CCC,0.27813913906614
Q,CAG,0.409463999766111
R,AGG,0.46535852829118496
R,CGG,-0.10630746814410008
R,CGC,0.659585903950532
S,TCG,0.2409342120366792
S,TCC,0.0416605286429947
T,ACG,0.19824044908285093
T,ACC,-0.0151517058066434
V,GTG,0.06040831729372398
V,GTC,0.0179435808131515
Y,TAC,-0.219410271922747
Z,AGC,0.0387445004791219
