AA,Codon,Mean
A,GCG,1.464467634371917
A,GCC,0.600368141388893
C,TGC,0.513324951573213
D,GAC,0.774147566195329
E,GAG,0.29659087485671
F,TTC,0.719186554133892
G,GGG,0.59320280183653
G,GGC,0.66076317615509
H,CAC,0.697906601707141
I,ATC,0.674564727548758
K,AAG,0.281625296417872
L,CTC,0.646257324373726
L,TTG,-0.508684937673807
N,AAC,0.643076193586985
P,CCG,1.108293610467514
P,CCC,0.387845631851753
Q,CAG,0.723655285787582
R,AGG,0.48564737353523113
R,CGG,1.1942772737254699
R,CGC,0.51444993977348
S,TCG,0.758855316339929
S,TCC,0.290299175793926
T,ACG,0.96773871828119
T,ACC,0.444287445616722
V,GTG,-0.26369423243602097
V,GTC,0.7838495905598
Y,TAC,0.326431347759565
Z,AGC,0.545031502276659
