DIC.LogLik	pD.LogLik.1	pD.LogLik.2	Loglik.at.posterior.mean	DIC.LogPost	pD.LogPost.1	pD.LogPost.2	LogPost.at.posterior.mean	Parameters	Samples.used
4960945.790024098	371.6337435217574	6654.929882067819	-2473817.9651299813	5000134.021640348	870.6363805020228	21586.175772019244	-2478480.835048155	6210	7500
