DIC.LogLik	pD.LogLik.1	pD.LogLik.2	Loglik.at.posterior.mean	DIC.LogPost	pD.LogPost.1	pD.LogPost.2	LogPost.at.posterior.mean	Parameters	Samples.used
5779130.386231124	-2634.749162404798	6066.5520671377435	-2883498.6410484244	5842975.315028597	-2414.168755297549	33046.54415447107	-2888441.113359827	5973	7500
