AA,Codon,Mean
A,GCG,1.201550216997663
A,GCC,0.582045459191004
C,TGC,0.39874801363945
D,GAC,0.436008471141259
E,GAG,0.0514062348704785
F,TTC,-0.0346063504455926
G,GGG,0.239379213602344
G,GGC,0.544493221892913
H,CAC,0.32540776985685
I,ATC,0.152710948732495
K,AAG,-0.103565141797066
L,CTG,-0.21234576844878691
L,CTC,0.29365565886696204
L,TTG,0.0753540899090469
N,AAC,0.202988055884838
P,CCG,0.753162000062068
P,CCC,0.46473719581763
Q,CAG,-0.0118346032804292
R,AGG,0.37023712409337106
R,CGG,0.21533309246400995
R,CGC,0.949856102633476
S,TCG,0.54863343604505
S,TCC,0.587168400128682
T,ACG,0.3849058628207077
T,ACC,0.40885942239364
V,GTG,-0.34824884725809097
V,GTC,0.585451389173667
Y,TAC,0.283448294496536
Z,AGC,0.233652268397808
