AA,Codon,Mean
A,GCG,0.46240283691486195
A,GCC,0.0215426809957872
C,TGC,0.586621346525351
D,GAC,-0.141811730292936
E,GAG,-0.310465918785334
F,TTC,-0.421604051667452
G,GGG,1.2129162691791882
G,GGC,0.683529958204428
H,CAC,-0.441475264624755
I,ATC,-0.0971562477886677
K,AAG,-0.46310649197499
L,CTG,-0.3304584351698501
L,CTC,-0.04105806018362401
L,TTG,-0.624694998657703
N,AAC,-0.567837618752321
P,CCG,1.270904100735982
P,CCC,1.49936353154182
Q,CAG,-0.217656801367799
R,AGG,1.6706367785934932
R,CGG,0.59587529179255
R,CGC,0.612229187027613
S,TCG,0.4700636300563771
S,TCC,-0.0719720168791711
T,ACG,0.9837229104061871
T,ACC,-0.102064547717571
V,GTG,-0.290647879179319
V,GTC,-0.0597077561803162
Y,TAC,-0.517132206038634
Z,AGC,0.120759642669559
