AA,Codon,Mean
A,GCG,0.5193143458443358
A,GCC,0.386290227671464
C,TGC,-0.117677927478155
D,GAC,0.249478934975465
E,GAG,0.00995615958878395
F,TTC,-0.0374842814986127
G,GGG,0.43581620996887405
G,GGC,-0.293748248004913
H,CAC,0.365718381722768
I,ATC,0.173166576055686
K,AAG,0.258490897726019
L,CTG,-0.48435613248298603
L,CTC,0.06634523837317999
L,TTG,-0.648886900170644
N,AAC,0.284144509550929
P,CCG,0.6695632182974189
P,CCC,0.450054303973913
Q,CAG,0.157055614788334
R,AGG,0.5895835557639599
R,CGG,0.5911941620623192
R,CGC,-0.282489799436927
S,TCG,0.3674393942125142
S,TCC,0.50731915460825
T,ACG,0.5095345305844728
T,ACC,0.376579727979501
V,GTG,-0.32524328430195604
V,GTC,0.283104398026069
Y,TAC,0.150372696980337
Z,AGC,-0.265707587910692
