AA,Codon,Mean
A,GCG,0.2205536667540668
A,GCC,0.0759195352390409
C,TGC,-0.369273651482662
D,GAC,-0.179563559930523
E,GAG,-0.383434599387646
F,TTC,-0.256346640110016
G,GGG,0.2927224741615689
G,GGC,-0.654283973801136
H,CAC,0.128657087860753
I,ATC,0.0487382136671629
K,AAG,-0.109048335170249
L,CTG,-0.8934664664357901
L,CTC,-0.16233820863284262
L,TTG,-0.958073417874177
N,AAC,-0.0527956323097499
P,CCG,0.2715795875681153
P,CCC,0.264732004439831
Q,CAG,-0.413037397050858
R,AGG,0.292035001085202
R,CGG,0.18507271742621997
R,CGC,-0.572585849205653
S,TCG,-0.1949556482513741
S,TCC,0.322925600818793
T,ACG,0.08035991810934331
T,ACC,0.140252190092703
V,GTG,-0.735302041909098
V,GTC,0.0403610586158519
Y,TAC,-0.187647760214408
Z,AGC,-0.51913706685106
