AA,Codon,Mean
A,GCG,-0.09415751921633803
A,GCC,-0.0203713220157505
C,TGC,-0.12102902150924
D,GAC,-0.0926249094630281
E,GAG,-0.293814313344161
F,TTC,-0.270499613197645
G,GGG,0.25990915963252303
G,GGC,0.061557900818934
H,CAC,-0.26713068703413
I,ATC,-0.0816567083025972
K,AAG,-0.416921249324083
L,CTG,-0.19608414935641
L,CTC,-0.018212604302168006
L,TTG,-0.383457261031866
N,AAC,-0.251604662114382
P,CCG,-0.2555898853003982
P,CCC,-0.0543122920330614
Q,CAG,-0.298535906978448
R,AGG,-0.058135914397239974
R,CGG,0.13800735865831293
R,CGC,0.122724491944412
S,TCG,-0.2101309280420347
S,TCC,-0.0318955990613749
T,ACG,-0.09686493992408102
T,ACC,-0.0422830728934457
V,GTG,-0.176029671565691
V,GTC,-0.0457290898268422
Y,TAC,-0.227753438378374
Z,AGC,-0.0848039278618991
