DIC.LogLik	pD.LogLik.1	pD.LogLik.2	Loglik.at.posterior.mean	DIC.LogPost	pD.LogPost.1	pD.LogPost.2	LogPost.at.posterior.mean	Parameters	Samples.used
5168611.500841201	-953.3523526983336	5193.601916529172	-2579112.1485040714	5183997.5404167725	-483.5899979611859	8610.111994500485	-2583388.658213886	5242	7500
