DIC.LogLik	pD.LogLik.1	pD.LogLik.2	Loglik.at.posterior.mean	DIC.LogPost	pD.LogPost.1	pD.LogPost.2	LogPost.at.posterior.mean	Parameters	Samples.used
5394611.412242851	-1645.7809156421572	4775.266906122185	-2692530.4392153034	5493877.3579338025	-1387.5850585969165	50384.98255763292	-2696553.6964092683	5018	7500
