DIC.LogLik	pD.LogLik.1	pD.LogLik.2	Loglik.at.posterior.mean	DIC.LogPost	pD.LogPost.1	pD.LogPost.2	LogPost.at.posterior.mean	Parameters	Samples.used
5155295.418299227	-528.5547237386927	6129.105337596102	-2571518.6038120175	5205808.127452871	-136.40481318626553	26676.347460192246	-2576227.7162662433	5370	7500
