AA,Codon,Mean
A,GCG,1.317884423610317
A,GCC,1.02375058213472
C,TGC,0.393078368620078
D,GAC,1.03760388682683
E,GAG,0.276753048242132
F,TTC,0.376077855217457
G,GGG,0.7303475549476841
G,GGC,0.836946409217517
H,CAC,1.12355657117367
I,ATC,0.465130322653055
K,AAG,0.528240239691734
L,CTG,0.29280996257066794
L,CTC,0.46674133983453503
L,TTG,-0.421782198532422
N,AAC,0.66625495124658
P,CCG,0.941584809082747
P,CCC,0.544023173493147
Q,CAG,0.319362030070027
R,AGG,0.645765594720845
R,CGG,0.779518381977081
R,CGC,0.755407522074382
S,TCG,0.839663482600451
S,TCC,0.668314805686474
T,ACG,0.7037182344486319
T,ACC,0.779528959067663
V,GTG,-0.05288979864319204
V,GTC,1.10216160571575
Y,TAC,0.644506453454494
Z,AGC,0.5092853129824
