AA,Codon,Mean
A,GCG,0.617788341879842
A,GCC,0.199549621799588
C,TGC,0.909100262073676
D,GAC,0.230872771905859
E,GAG,0.677076561665535
F,TTC,-0.306922221233447
G,GGG,0.718766585834822
G,GGC,1.08149844550292
H,CAC,-0.200205800165733
I,ATC,0.0411079828829194
K,AAG,-0.141696221787731
L,CTG,0.566172250486414
L,CTC,0.6412094378848869
L,TTG,0.290641013751427
N,AAC,-0.204987222280105
P,CCG,1.2888197993258679
P,CCC,1.44953820260366
Q,CAG,0.915207588640849
R,AGG,1.5227641755720018
R,CGG,0.005186898175870036
R,CGC,1.41202036337058
S,TCG,0.61710408299466
S,TCC,0.115056272470454
T,ACG,0.7262149353623348
T,ACC,0.0425493029563377
V,GTG,-0.975613052590686
V,GTC,0.0781933895878494
Y,TAC,-0.214827579737703
Z,AGC,0.462706250878175
