AA,Codon,Mean
A,GCG,2.6012408811827523
A,GCC,2.11441876400312
C,TGC,2.0696506408294
D,GAC,2.71825128610929
E,GAG,1.51440531787078
F,TTC,0.807574244689941
G,GGG,1.217670420537885
G,GGC,2.45272305850983
H,CAC,2.69701266948382
I,ATC,1.37027692074776
K,AAG,1.62323993128936
L,CTG,0.6185370466629698
L,CTC,1.3356999509731957
L,TTG,0.871790812635422
N,AAC,2.18335097238223
P,CCG,2.013804030417398
P,CCC,1.4888828817447
Q,CAG,1.60617323557536
R,AGG,1.2636876267339419
R,CGG,1.2034072381166065
R,CGC,2.29294048172633
S,TCG,2.159697090880078
S,TCC,1.51177835876942
T,ACG,1.630142774275942
T,ACC,1.90825482729276
V,GTG,0.902022209982075
V,GTC,2.42317074537277
Y,TAC,2.10777196952502
Z,AGC,2.13458412865003
