AA,Codon,Mean
A,GCG,-1.5192595506966131
A,GCC,-1.24782286625703
C,TGC,-0.70644876717329
D,GAC,-1.62630821770827
E,GAG,-1.19339917169412
F,TTC,-0.448565022824208
G,GGG,-0.978084113367643
G,GGC,-1.68425936876933
H,CAC,-1.27133013939063
I,ATC,-0.941057604738077
K,AAG,-0.677108760162195
L,CTG,-1.5400304150050528
L,CTC,-1.1892287264234072
L,TTG,-1.13196401825746
N,AAC,-1.34976342670918
P,CCG,-1.687814561651213
P,CCC,-1.12759658450286
Q,CAG,-1.66182220877012
R,AGG,-0.15348227449854196
R,CGG,-1.483164104882873
R,CGC,-1.14563423104286
S,TCG,-2.027183455296358
S,TCC,-0.697079118665059
T,ACG,-1.337713704419135
T,ACC,-1.15758079695702
V,GTG,-1.4657460610970852
V,GTC,-0.878580838867029
Y,TAC,-1.09469700572888
Z,AGC,-1.13090057160854
