AA,Codon,Mean
A,GCG,1.8409637503107428
A,GCC,1.05145391024351
C,TGC,0.509487921887636
D,GAC,1.10210307044586
E,GAG,0.742202341091633
F,TTC,0.331561398088932
G,GGG,1.710361031676576
G,GGC,1.27484866003195
H,CAC,0.902126828153928
I,ATC,0.791679053652287
K,AAG,0.487462048685551
L,CTG,0.24842765469948302
L,CTC,1.120435110434894
L,TTG,-0.267076413770517
N,AAC,0.774427943440278
P,CCG,1.8605317017382135
P,CCC,1.53695835607847
Q,CAG,1.06350777790944
R,AGG,1.135419127247734
R,CGG,1.2104808810563568
R,CGC,0.761444789016247
S,TCG,1.2980603731008025
S,TCC,0.732893399735292
T,ACG,1.347144033693271
T,ACC,0.769955773329735
V,GTG,-0.43968302264611403
V,GTC,0.923707783599695
Y,TAC,0.49014809816877
Z,AGC,0.427790538539489
