AA,Codon,Mean
A,GCG,1.3830364065726601
A,GCC,0.517240672351917
C,TGC,0.467284503640731
D,GAC,0.823629393351078
E,GAG,0.299905803418159
F,TTC,0.698270991683006
G,GGG,0.45529007104561037
G,GGC,0.629214973461628
H,CAC,0.700902941381931
I,ATC,0.653110277255376
K,AAG,0.339657113275925
L,CTC,0.580018264619507
L,TTG,-0.692210297270616
N,AAC,0.625850069530805
P,CCG,1.019148268049955
P,CCC,0.306938373311361
Q,CAG,0.838819161617756
R,AGG,0.5156769734144211
R,CGG,1.209670018178225
R,CGC,0.498091500920057
S,TCG,0.7030037837594596
S,TCC,0.217721562935909
T,ACG,0.8538663464983309
T,ACC,0.439663566064835
V,GTG,-0.364254910150667
V,GTC,0.862951655769348
Y,TAC,0.299959738562504
Z,AGC,0.544780929776033
