AA,Codon,Mean
A,GCG,0.256284230357408
A,GCC,0.112336340878904
C,TGC,0.438325754696131
D,GAC,0.0109911251701813
E,GAG,0.34378320658803
F,TTC,-0.120115704936783
G,GGG,0.477669429922104
G,GGC,0.522292476268609
H,CAC,-0.172872075923284
I,ATC,0.0135224948508201
K,AAG,-0.0786195191770792
L,CTC,0.223691876137257
L,TTG,-0.154823075165351
N,AAC,-0.147890389516453
P,CCG,0.719865749156475
P,CCC,0.192640702276429
Q,CAG,0.510612923198938
R,AGG,0.595281954172254
R,CGG,-0.030449260135489986
R,CGC,0.726443340933323
S,TCG,0.29029108257591707
S,TCC,0.0645468876843651
T,ACG,0.25581800929307896
T,ACC,0.0543745930870374
V,GTG,0.051909947546323054
V,GTC,0.0758326721213758
Y,TAC,-0.125769924481213
Z,AGC,0.201516397921244
