DIC.LogLik	pD.LogLik.1	pD.LogLik.2	Loglik.at.posterior.mean	DIC.LogPost	pD.LogPost.1	pD.LogPost.2	LogPost.at.posterior.mean	Parameters	Samples.used
5713386.148978727	-175.8816878143698	5632.754250261438	-2851060.320239102	5762376.196102424	366.50026016589254	25360.966424088918	-2855827.131627123	5606	7500
