DIC.LogLik	pD.LogLik.1	pD.LogLik.2	Loglik.at.posterior.mean	DIC.LogPost	pD.LogPost.1	pD.LogPost.2	LogPost.at.posterior.mean	Parameters	Samples.used
5523017.03259708	-1765.2389302663505	5149.221250764185	-2756359.295047776	5556686.752441984	-1205.6404930334538	17530.079270657694	-2760813.296950334	5336	7500
