AA,Codon,Mean
A,GCG,-0.32201458954513096
A,GCC,-0.211063847104708
C,TGC,-0.417153066784143
D,GAC,-0.341989819018046
E,GAG,-0.445355898205439
F,TTC,-0.600258039303621
G,GGG,0.09789297111034301
G,GGC,-0.0401829783326015
H,CAC,-0.559310410684347
I,ATC,-0.412006929592292
K,AAG,-0.538148256955544
L,CTG,-0.41183874212903265
L,CTC,-0.38106420160234
L,TTG,-0.681900534013907
N,AAC,-0.587660697559516
P,CCG,-0.165851135127247
P,CCC,-0.310185788210233
Q,CAG,-0.531970025056601
R,AGG,0.143637787584464
R,CGG,0.07685741130510904
R,CGC,-0.0215866655668762
S,TCG,-0.3948753125131116
S,TCC,-0.350813273547093
T,ACG,-0.20219506261448
T,ACC,-0.299266561534007
V,GTG,-0.35649619957407297
V,GTC,-0.350671018519004
Y,TAC,-0.524596767111619
Z,AGC,-0.405095237994194
