AA,Codon,Mean
A,GCG,0.238390715677539
A,GCC,0.423339439634482
C,TGC,0.0980497012044924
D,GAC,0.415183561676741
E,GAG,0.26874020670255
F,TTC,0.49065460485816
G,GGG,0.601337425168355
G,GGC,-0.0467998182028532
H,CAC,0.746013666709264
I,ATC,0.57966146316131
K,AAG,0.109964246729513
L,CTG,-0.14128661757111596
L,CTC,0.39315057137409803
L,TTG,-0.0841501105052341
N,AAC,0.754783311613401
P,CCG,0.17678722708920697
P,CCC,0.827245103081067
Q,CAG,0.182599548914532
R,AGG,0.268046326863765
R,CGG,0.13268813685178804
R,CGC,-0.0903479310358564
S,TCG,0.178237955492735
S,TCC,0.559489760768414
T,ACG,0.210761044286688
T,ACC,0.617393405620257
V,GTG,-0.342882728007932
V,GTC,0.271351621391376
Y,TAC,0.51825004281799
Z,AGC,0.362743635425965
