DIC.LogLik	pD.LogLik.1	pD.LogLik.2	Loglik.at.posterior.mean	DIC.LogPost	pD.LogPost.1	pD.LogPost.2	LogPost.at.posterior.mean	Parameters	Samples.used
4993188.447948378	-1132.5473647685722	6110.614735934671	-2490483.609238254	5024364.4283057125	-493.97368412744254	16800.381613630063	-2495381.8325392264	6051	7500
