DIC.LogLik	pD.LogLik.1	pD.LogLik.2	Loglik.at.posterior.mean	DIC.LogPost	pD.LogPost.1	pD.LogPost.2	LogPost.at.posterior.mean	Parameters	Samples.used
4953630.672740891	-1196.2601728457958	5023.137518233131	-2471792.198852212	4983848.233363325	-781.0634208312258	15721.37739766595	-2476202.7392839966	5188	7500
