DIC.LogLik	pD.LogLik.1	pD.LogLik.2	Loglik.at.posterior.mean	DIC.LogPost	pD.LogPost.1	pD.LogPost.2	LogPost.at.posterior.mean	Parameters	Samples.used
5421766.377088922	-2119.8512031342834	5470.046816294844	-2705413.141728166	5453929.92985052	-1703.2441378375515	17112.77515242519	-2709852.1897728345	5102	7500
