DIC.LogLik	pD.LogLik.1	pD.LogLik.2	Loglik.at.posterior.mean	DIC.LogPost	pD.LogPost.1	pD.LogPost.2	LogPost.at.posterior.mean	Parameters	Samples.used
5268512.116978862	325.2307480843738	5736.270434482807	-2628519.788054948	5310452.994357849	767.2284167585894	21883.877933366915	-2633342.6192455576	5670	7500
