DIC.LogLik	pD.LogLik.1	pD.LogLik.2	Loglik.at.posterior.mean	DIC.LogPost	pD.LogPost.1	pD.LogPost.2	LogPost.at.posterior.mean	Parameters	Samples.used
5185939.921974763	-889.3015230987221	4778.44883227906	-2588191.5121551026	5243351.463260899	-718.025069524534	29478.310821682568	-2592197.420808767	4918	7500
