AA,Codon,Mean
A,GCG,0.1843478660011535
A,GCC,0.261297189474106
C,TGC,-0.297728298917413
D,GAC,0.29604063770175
E,GAG,-0.171577294738094
F,TTC,-0.19498927624474
G,GGG,0.41823216572143185
G,GGC,0.00198652463333769
H,CAC,0.00670937163995673
I,ATC,0.263672226507465
K,AAG,0.107311160539091
L,CTG,-1.056764556797345
L,CTC,-0.179773252904416
L,TTG,-0.643732860171795
N,AAC,0.255309181197484
P,CCG,0.372175984912738
P,CCC,0.0648502933247636
Q,CAG,-0.429989840380351
R,AGG,0.3026527250892212
R,CGG,0.2687220205703816
R,CGC,-0.800056130488714
S,TCG,-0.128613067020724
S,TCC,0.316194598156214
T,ACG,0.10779109488634041
T,ACC,0.146780310323338
V,GTG,-0.7302425369733839
V,GTC,0.551719589096308
Y,TAC,-0.331228166163961
Z,AGC,-0.338342672594388
