AA,Codon,Mean
A,GCG,-0.403209478449822
A,GCC,-0.124175940691431
C,TGC,-0.349972584845622
D,GAC,-0.453056210503976
E,GAG,-0.919289614224434
F,TTC,-0.808681565527121
G,GGG,1.258622642068067
G,GGC,0.0750272327311337
H,CAC,-0.84202233060201
I,ATC,-0.303942658321063
K,AAG,-1.25288799342314
L,CTG,-0.975117291017372
L,CTC,-0.14068107056468618
L,TTG,-1.4210711834987
N,AAC,-0.867335854423046
P,CCG,-0.43108992269039004
P,CCC,-0.167363318087657
Q,CAG,-1.09497775743008
R,AGG,0.061215138355890986
R,CGG,-0.03524289240838008
R,CGC,0.177714959697922
S,TCG,-0.90362913783838406
S,TCC,-0.117497905425727
T,ACG,-0.3163916159908011
T,ACC,-0.193933207600315
V,GTG,-0.720534204455216
V,GTC,-0.218959886970123
Y,TAC,-0.698214125486215
Z,AGC,-0.343121190543969
