AA,Codon,Mean
A,GCG,0.89845049007386
A,GCC,0.816372741413116
C,TGC,0.338788521150748
D,GAC,0.878045130785306
E,GAG,0.443126190046469
F,TTC,0.257506752039989
G,GGG,0.7104326840526604
G,GGC,0.637624117775758
H,CAC,0.676077499417464
I,ATC,0.681572940989335
K,AAG,0.534505914161603
L,CTG,0.08046029990514103
L,CTC,0.46519077150511257
L,TTG,0.0905827404063195
N,AAC,0.822498842477798
P,CCG,0.945211431161562
P,CCC,0.659339854164918
Q,CAG,0.414080368800958
R,AGG,0.744736392347018
R,CGG,0.7391243413991448
R,CGC,0.0791962246051679
S,TCG,0.8437925616130231
S,TCC,0.824189602315426
T,ACG,0.865084037256571
T,ACC,0.668922313030561
V,GTG,0.14136915975088898
V,GTC,0.876567850744724
Y,TAC,0.49436553252538
Z,AGC,0.393900865830978
