AA,Codon,Mean
A,GCG,2.0500744009921927
A,GCC,1.26428980254332
C,TGC,1.14886794695854
D,GAC,1.35241080582142
E,GAG,1.39334710953236
F,TTC,0.54401950233976
G,GGG,1.4374545223871902
G,GGC,2.02545798646609
H,CAC,0.980296068425973
I,ATC,0.988578118813038
K,AAG,0.621345286866029
L,CTG,1.0510861173748998
L,CTC,1.288716259221237
L,TTG,0.160166435040534
N,AAC,0.725743916587035
P,CCG,2.284392812311652
P,CCC,1.9513604052941
Q,CAG,1.50406360993385
R,AGG,1.7650617791437908
R,CGG,0.827708680911856
R,CGC,2.01252439129353
S,TCG,1.598208456816773
S,TCC,1.00831125143369
T,ACG,1.569437932149572
T,ACC,0.94613897112608
V,GTG,0.3257308972358699
V,GTC,1.22532937174638
Y,TAC,0.638211408642928
Z,AGC,0.999825074148178
