AA,Codon,Mean
A,GCG,1.705119971354804
A,GCC,0.715588020968437
C,TGC,1.0832748409907
D,GAC,0.348190409994125
E,GAG,1.04735322709878
F,TTC,-0.271090106980999
G,GGG,1.06187335724036
G,GGC,2.04034144150416
H,CAC,-0.0434076375005093
I,ATC,0.256684062887232
K,AAG,-0.468806689453125
L,CTG,0.6943336435715399
L,CTC,0.70966172491709
L,TTG,-0.655271377778053
N,AAC,-0.416600301204125
P,CCG,2.411838970351219
P,CCC,1.98820507924557
Q,CAG,1.11613549955289
R,AGG,2.520561234059933
R,CGG,-0.20644812619685982
R,CGC,1.75391385189692
S,TCG,0.7678273964047471
S,TCC,0.312257625776529
T,ACG,1.0454086554646471
T,ACC,0.154440166916947
V,GTG,-0.6293645533084897
V,GTC,0.436345486529668
Y,TAC,-0.462545811406771
Z,AGC,0.494814583736658
