AA,Codon,Mean
A,GCG,-1.1959048767228941
A,GCC,-1.24019142851035
C,TGC,-1.16489307822386
D,GAC,-1.19685021969477
E,GAG,-1.30472791060607
F,TTC,-0.389629673790932
G,GGG,-0.86817498602867
G,GGC,-2.04573268431028
H,CAC,-0.879264797731241
I,ATC,-0.913907438099384
K,AAG,-0.556690289433797
L,CTG,-1.1555239713849867
L,CTC,-1.0608500509620356
L,TTG,-0.99833771396478
N,AAC,-0.914513271657626
P,CCG,-1.872947015100717
P,CCC,-1.45899152722359
Q,CAG,-1.64426591381232
R,AGG,-1.1699795953214172
R,CGG,-0.747840726975599
R,CGC,-1.4211504130284
S,TCG,-1.4080321948448862
S,TCC,-0.850330979335308
T,ACG,-1.065186997687817
T,ACC,-0.964477647097906
V,GTG,-1.036106033790114
V,GTC,-0.95521550232172
Y,TAC,-0.852345337863763
Z,AGC,-1.1414217282931
