DIC.LogLik	pD.LogLik.1	pD.LogLik.2	Loglik.at.posterior.mean	DIC.LogPost	pD.LogPost.1	pD.LogPost.2	LogPost.at.posterior.mean	Parameters	Samples.used
5582944.096015167	-1891.8176060002297	5820.787973863441	-2785651.26003372	5611563.53585215	-1264.6963317440823	15372.682445290042	-2790409.085480785	5907	7500
