AA,Codon,Mean
A,GCG,0.533841498530904
A,GCC,-0.184845797224343
C,TGC,-0.969938557823499
D,GAC,-0.827884202992916
E,GAG,-0.881286039853096
F,TTC,0.391000680492322
G,GGG,-0.28485239395840667
G,GGC,-0.558089420640469
H,CAC,-0.995051968916257
I,ATC,-0.131668171463658
K,AAG,-0.764068226321538
L,CTC,-0.3531818303267098
L,TTG,-1.80737076592445
N,AAC,-0.836733094282945
P,CCG,0.252019976071517
P,CCC,-0.271286979367336
Q,CAG,-1.0169149125655501
R,AGG,0.34830461136897706
R,CGG,-0.019562190124649992
R,CGC,-0.475924797095855
S,TCG,-0.7695040011865195
S,TCC,-0.238353354009986
T,ACG,0.281246982250751
T,ACC,-0.277522387376428
V,GTG,-1.000672060667475
V,GTC,0.13194213025514
Y,TAC,-1.23119206156731
Z,AGC,-0.876383564130465
