AA,Codon,Mean
A,GCG,1.8542705218831659
A,GCC,1.00653996126652
C,TGC,2.81278861322403
D,GAC,2.31551525859833
E,GAG,2.42194313151042
F,TTC,0.488422846716642
G,GGG,1.002150789980588
G,GGC,2.39948864157995
H,CAC,2.36008519062996
I,ATC,1.38135172848701
K,AAG,1.85370143503348
L,CTC,2.051015199128782
L,TTG,1.9833712271452
N,AAC,1.92553440001011
P,CCG,1.958342101081711
P,CCC,1.43051897814274
Q,CAG,2.80237568513552
R,AGG,1.6247143067290752
R,CGG,1.4916060283545465
R,CGC,2.71730279873212
S,TCG,2.29031308716734
S,TCC,1.12129275076389
T,ACG,1.437676013076307
T,ACC,1.1026990515391
V,GTG,1.074741795735562
V,GTC,1.21211127166748
Y,TAC,2.46772023687363
Z,AGC,2.3313768910567
