DIC.LogLik	pD.LogLik.1	pD.LogLik.2	Loglik.at.posterior.mean	DIC.LogPost	pD.LogPost.1	pD.LogPost.2	LogPost.at.posterior.mean	Parameters	Samples.used
5583302.665260318	-2164.137154377997	6124.436671953796	-2785526.895958205	5644303.142910225	-1224.389693390578	32784.82947587193	-2789366.741979241	5947	7500
