AA,Codon,Mean
A,GCG,1.014550416172544
A,GCC,0.888377835766474
C,TGC,-0.0326010597439706
D,GAC,0.877767642760277
E,GAG,-0.136351948415692
F,TTC,0.182177420537174
G,GGG,0.2666332118711848
G,GGC,0.275055944205821
H,CAC,0.650528679678837
I,ATC,0.137053338730584
K,AAG,0.300231168212493
L,CTC,-0.17056046155691007
L,TTG,-0.801064445940654
N,AAC,0.817271036895116
P,CCG,0.6595562332074533
P,CCC,0.184606724805137
Q,CAG,-0.138752780392223
R,AGG,0.32518868051369987
R,CGG,0.2003629614929361
R,CGC,-0.113620741544802
S,TCG,0.569962226312212
S,TCC,0.198193585561216
T,ACG,0.6675536605315303
T,ACC,0.820531668051084
V,GTG,-0.7503783265362189
V,GTC,0.779158931612968
Y,TAC,0.592150554804007
Z,AGC,0.269764645542701
