AA,Codon,Mean
A,GCG,0.523194124706582
A,GCC,0.282659712648392
C,TGC,1.02590469259421
D,GAC,0.461086073448261
E,GAG,0.982030743809541
F,TTC,-0.12616985775133
G,GGG,0.24373015615542715
G,GGC,1.05401084978978
H,CAC,0.325304930639267
I,ATC,0.218013569238782
K,AAG,0.322434968295693
L,CTC,0.8166119270159075
L,TTG,0.754762827352683
N,AAC,0.0386355419249593
P,CCG,1.156682931874196
P,CCC,1.00466186607281
Q,CAG,1.11392807558378
R,AGG,1.122706468964123
R,CGG,0.5164249096870399
R,CGC,1.27255709564686
S,TCG,0.8865710674789565
S,TCC,0.376707178926468
T,ACG,0.849550234683352
T,ACC,0.148660704324643
V,GTG,0.41618346181313703
V,GTC,0.224689692942301
Y,TAC,0.0224395666925785
Z,AGC,0.670944642265638
