AA,Codon,Mean
A,GCG,1.264352140047157
A,GCC,1.05142743023634
C,TGC,0.838294154743354
D,GAC,1.07782781801224
E,GAG,0.653065812973181
F,TTC,-0.0172157085868642
G,GGG,0.373345969714722
G,GGC,1.18979839105606
H,CAC,0.808004997384548
I,ATC,0.126169486580789
K,AAG,0.396325285275777
L,CTC,0.3728626830975299
L,TTG,-0.418106973956029
N,AAC,0.63907128354311
P,CCG,1.567445299522078
P,CCC,0.995343539893627
Q,CAG,0.663698074748119
R,AGG,1.440756336228941
R,CGG,0.818262679366274
R,CGC,1.25875154491266
S,TCG,1.0487703088566671
S,TCC,0.444840677475929
T,ACG,1.2968290431147813
T,ACC,0.95713132832845
V,GTG,-0.8163871285001449
V,GTC,0.856569591756662
Y,TAC,0.484871813124418
Z,AGC,0.786244882667065
