AA,Codon,Mean
A,GCG,1.0555695696870488
A,GCC,-0.144585372146467
C,TGC,-0.205063403191666
D,GAC,-0.106463795720538
E,GAG,0.331738092402617
F,TTC,0.185899262133241
G,GGG,0.46284430248000036
G,GGC,-0.510529086846113
H,CAC,0.171670521351198
I,ATC,0.0319497548424328
K,AAG,0.0918090254088243
L,CTC,-0.018856598470609026
L,TTG,-1.14512754573822
N,AAC,-0.00645317748572322
P,CCG,0.08062672369232239
P,CCC,-0.110161927001675
Q,CAG,-0.066547737529253
R,AGG,0.39511313020587
R,CGG,0.38865085240205105
R,CGC,-0.400754135338465
S,TCG,-0.24033966290507458
S,TCC,-0.0492079945122823
T,ACG,0.2446499860682014
T,ACC,-0.382852899253368
V,GTG,-0.755654302416245
V,GTC,0.273924186333021
Y,TAC,-0.209208248885473
Z,AGC,-0.276992798555891
