AA,Codon,Mean
A,GCG,-0.009543788150946031
A,GCC,0.209678917925557
C,TGC,0.461367454950015
D,GAC,0.058866783351327
E,GAG,-0.0362913176206251
F,TTC,-0.172063674246271
G,GGG,0.603278698968887
G,GGC,0.678161029938857
H,CAC,-0.129876062522332
I,ATC,0.0815226284042001
K,AAG,-0.338584805870056
L,CTC,0.28388728963534005
L,TTG,-0.189562000172337
N,AAC,-0.176664233596126
P,CCG,0.8988933663606348
P,CCC,0.320826501441002
Q,CAG,0.302157780031363
R,AGG,0.675319645211101
R,CGG,-0.2941097942749691
R,CGC,0.855908148022493
S,TCG,-0.029442488437891046
S,TCC,0.135973046367367
T,ACG,0.10314835298657404
T,ACC,0.145713785039882
V,GTG,-0.138447584331035
V,GTC,0.0852126349324981
Y,TAC,-0.178528764936328
Z,AGC,0.292818922137221
