AA,Codon,Mean
A,GCG,0.322775787311793
A,GCC,-0.88219920407931
C,TGC,-0.545076055824757
D,GAC,-0.869521399366856
E,GAG,-0.0454312513379535
F,TTC,0.043117822964123
G,GGG,-0.053489867782593015
G,GGC,-1.41568248124917
H,CAC,-0.541847506535053
I,ATC,-0.444588355924686
K,AAG,-0.129925654837489
L,CTC,-0.5776304191804027
L,TTG,-2.17911476744016
N,AAC,-0.588769700241089
P,CCG,-0.988748896245159
P,CCC,-0.926967381378015
Q,CAG,-0.724606739779313
R,AGG,0.4165963423729059
R,CGG,-0.4248460275848671
R,CGC,-1.17776711572806
S,TCG,-1.471258904874321
S,TCC,-0.682512066829205
T,ACG,-0.464300200180213
T,ACC,-1.2848817703406
V,GTG,-1.652592233115436
V,GTC,-0.140121034194529
Y,TAC,-0.85654678255717
Z,AGC,-0.836638633298874
