DIC.LogLik	pD.LogLik.1	pD.LogLik.2	Loglik.at.posterior.mean	DIC.LogPost	pD.LogPost.1	pD.LogPost.2	LogPost.at.posterior.mean	Parameters	Samples.used
5468537.936768053	-4166.903627841733	6843.776451765532	-2727425.191932261	5519208.98463082	-3369.555935316719	27073.15134732323	-2732531.340968087	6947	7500
