AA,Codon,Mean
A,GCG,0.391161668683091
A,GCC,1.06082638447285
C,TGC,0.646984646300475
D,GAC,0.858522452545166
E,GAG,0.5184684635818
F,TTC,0.237416179128488
G,GGG,0.15704205813904604
G,GGC,0.276891247923175
H,CAC,0.67665352199475
I,ATC,0.776718541804949
K,AAG,0.823910910991828
L,CTG,-0.432656936750809
L,CTC,0.4689627651602031
L,TTG,0.629147229107221
N,AAC,0.863646240047614
P,CCG,0.2308818798663716
P,CCC,0.939168788762887
Q,CAG,0.142339215457936
R,AGG,-0.05000776504278198
R,CGG,-0.27284461897711
R,CGC,0.542772160150607
S,TCG,0.6079126390386991
S,TCC,0.773542467530568
T,ACG,0.44982437252998403
T,ACC,1.26365492510001
V,GTG,0.22525570307821458
V,GTC,1.18805077672799
Y,TAC,0.513321335633596
Z,AGC,0.602435333251953
