AA,Codon,Mean
A,GCG,-0.29259722346266104
A,GCC,0.359381071478128
C,TGC,0.622277175080776
D,GAC,0.419526481147607
E,GAG,0.618438024524848
F,TTC,0.20246481423974
G,GGG,-0.07639556767543199
G,GGC,-0.577756721417109
H,CAC,0.295505259397626
I,ATC,0.522991222661734
K,AAG,1.12426894290447
L,CTG,-0.746533184883992
L,CTC,0.08152569876114499
L,TTG,0.607293537314733
N,AAC,0.60295779081583
P,CCG,-0.537487226911386
P,CCC,0.334047329835097
Q,CAG,0.073332398054093
R,AGG,-0.23932651195104
R,CGG,-0.855782671678069
R,CGC,-0.187829278155665
S,TCG,-0.1593152303119656
S,TCC,0.0905658552562197
T,ACG,0.250886405181885
T,ACC,0.774456475317478
V,GTG,-0.100017585768302
V,GTC,0.892900349696477
Y,TAC,0.322887605165442
Z,AGC,0.254277828491728
