AA,Codon,Mean
A,GCG,0.12941539244850497
A,GCC,-0.00605017733668747
C,TGC,-0.576646122427781
D,GAC,-0.285095639047027
E,GAG,-0.226117574016253
F,TTC,-0.300586130754153
G,GGG,0.29411911657850004
G,GGC,0.223110969255368
H,CAC,-0.329654007577896
I,ATC,-0.212454557582736
K,AAG,-0.600532557710012
L,CTG,-0.8167640667343203
L,CTC,-0.18889396494577732
L,TTG,-1.08836613586744
N,AAC,-0.481861901595195
P,CCG,-0.12015257397095291
P,CCC,0.0231500034043399
Q,CAG,-0.646017697441578
R,AGG,0.7334739467859269
R,CGG,0.11304689680139202
R,CGC,0.1550984518677
S,TCG,-0.12053913672765099
S,TCC,0.0686362219875058
T,ACG,-0.17586455157399195
T,ACC,-0.0800292570424577
V,GTG,-0.27925141433576706
V,GTC,-0.237603096119563
Y,TAC,-0.525335911130905
Z,AGC,-0.336992169002692
