AA,Codon,Mean
A,GCG,0.665191413478057
A,GCC,0.155665928858022
C,TGC,-0.111268161075811
D,GAC,0.194989275493224
E,GAG,0.129218903815746
F,TTC,0.298378610349695
G,GGG,0.511988724839936
G,GGC,-0.331837729585171
H,CAC,0.381061625790596
I,ATC,0.196534711941083
K,AAG,0.405518723195791
L,CTG,-0.4651515450495251
L,CTC,0.282565858916938
L,TTG,-0.50037635439833
N,AAC,0.192893410644929
P,CCG,0.2206366948272913
P,CCC,0.286325841850042
Q,CAG,-0.0708496584627777
R,AGG,0.361202411809563
R,CGG,0.4865961707932142
R,CGC,-0.328151308635871
S,TCG,0.20715117131657917
S,TCC,0.265900357571244
T,ACG,0.5348630971254312
T,ACC,0.0815920270127555
V,GTG,-0.775477796853582
V,GTC,0.351528788352013
Y,TAC,0.0654785379325505
Z,AGC,-0.266805702841282
