AA,Codon,Mean
A,GCG,0.01665039283633296
A,GCC,-0.0364041584356378
C,TGC,0.0897550022561103
D,GAC,-0.325524614687761
E,GAG,-0.284954394133886
F,TTC,-0.324160603839159
G,GGG,0.521479684040944
G,GGC,0.288101871575912
H,CAC,-0.472371830993891
I,ATC,-0.111279165010651
K,AAG,-0.431852148546775
L,CTG,-0.5261517216094095
L,CTC,-0.0723106043278812
L,TTG,-0.69406749865214
N,AAC,-0.467496775408586
P,CCG,0.368322489050527
P,CCC,0.452671948762735
Q,CAG,-0.10321418655316
R,AGG,0.6958453501010939
R,CGG,-0.557003635563453
R,CGC,0.247400288953384
S,TCG,-0.49957840262949504
S,TCC,-0.051608598921448
T,ACG,-0.22590525092979302
T,ACC,-0.160139506252607
V,GTG,-0.9850448388576519
V,GTC,-0.0824071561723947
Y,TAC,-0.42559089713494
Z,AGC,-0.161274483216802
