AA,Codon,Mean
A,GCG,-0.33062661984165503
A,GCC,-0.660651615703106
C,TGC,-0.567600053071976
D,GAC,-0.850161433462302
E,GAG,-0.656571966528892
F,TTC,0.005753998148721
G,GGG,-0.11396193664868703
G,GGC,-1.4122133396546
H,CAC,-0.463631235619386
I,ATC,-0.420845606984695
K,AAG,-0.0661058153657262
L,CTG,-1.47861249931852
L,CTC,-0.46472713974714297
L,TTG,-1.17413645303249
N,AAC,-0.673189785011609
P,CCG,-0.8685859433142149
P,CCC,-0.423675215937694
Q,CAG,-1.14625713311831
R,AGG,0.273727730152011
R,CGG,-0.48363894043962197
R,CGC,-1.07327588303089
S,TCG,-1.0709349280789489
S,TCC,-0.173291356276472
T,ACG,-0.3666902888337751
T,ACC,-0.664897279743354
V,GTG,-1.6725502528806562
V,GTC,-0.210915264793237
Y,TAC,-0.640854796671867
Z,AGC,-1.03315682884057
