AA,Codon,Mean
A,GCG,0.17612512904802902
A,GCC,0.0558578634915253
C,TGC,0.366050132584572
D,GAC,-0.115006811376909
E,GAG,0.24988719855845
F,TTC,-0.273445609614253
G,GGG,-0.11733129169543599
G,GGC,0.441644957037767
H,CAC,-0.188891285562515
I,ATC,-0.09078318041116
K,AAG,-0.267478006412586
L,CTG,0.220528353606661
L,CTC,0.279736567914486
L,TTG,-0.21267662735184
N,AAC,-0.303202492324511
P,CCG,0.7971683197696999
P,CCC,0.273021648527185
Q,CAG,0.386303967797756
R,AGG,0.5267944507797412
R,CGG,-0.12164667852720012
R,CGC,0.544762950070699
S,TCG,0.103666376644373
S,TCC,-0.0135387714766322
T,ACG,0.21377807032267204
T,ACC,-0.0509836773939431
V,GTG,-0.21164472916920996
V,GTC,-0.0550125658633808
Y,TAC,-0.28390972340703
Z,AGC,0.0235208654966107
