DIC.LogLik	pD.LogLik.1	pD.LogLik.2	Loglik.at.posterior.mean	DIC.LogPost	pD.LogPost.1	pD.LogPost.2	LogPost.at.posterior.mean	Parameters	Samples.used
5643036.20918463	-1468.6471008770168	4774.400422821453	-2816743.7041694936	5667954.909008024	-1214.9755150685087	13135.454790055423	-2820841.999713957	5017	7500
