AA,Codon,Mean
A,GCG,0.7208409166991709
A,GCC,0.257585710549355
C,TGC,0.187352055465182
D,GAC,0.691917312856515
E,GAG,0.569878839039803
F,TTC,0.422429595438639
G,GGG,0.5121393676428723
G,GGC,0.263019317145149
H,CAC,0.741938723699252
I,ATC,0.487408903406064
K,AAG,0.468139769258102
L,CTG,-0.06280423461198797
L,CTC,0.5429076243400579
L,TTG,-0.0274543155329942
N,AAC,0.585560634684563
P,CCG,0.5051998145006596
P,CCC,0.296685585390528
Q,CAG,0.455463762990634
R,AGG,0.39497652453183807
R,CGG,0.569524319667121
R,CGC,0.43270186090668
S,TCG,0.53999014630417
S,TCC,0.329990226888657
T,ACG,0.49764363638460696
T,ACC,0.41721784875989
V,GTG,0.034215924233198025
V,GTC,0.550109536321958
Y,TAC,0.506067328850428
Z,AGC,0.296548996061087
