AA,Codon,Mean
A,GCG,0.249644468267758
A,GCC,0.156802483591437
C,TGC,0.453439104588827
D,GAC,0.0112017819272261
E,GAG,0.371840659437577
F,TTC,-0.16904133135279
G,GGG,-0.018905802551904993
G,GGC,0.574708134424686
H,CAC,-0.0755594495949646
I,ATC,0.032060645526275
K,AAG,-0.177612707884113
L,CTG,0.292889801717798
L,CTC,0.33044272164503696
L,TTG,-0.0794181813711921
N,AAC,-0.195806889991959
P,CCG,0.825391600661477
P,CCC,0.376133754851421
Q,CAG,0.45542031964461
R,AGG,0.5506223489780305
R,CGG,0.03745561811129994
R,CGC,0.686440268294016
S,TCG,0.281862143087387
S,TCC,0.0905521863723795
T,ACG,0.29677543643514304
T,ACC,0.0459752664229522
V,GTG,-0.013638505224386033
V,GTC,0.043673755143707
Y,TAC,-0.202209243006508
Z,AGC,0.161456818080445
