AA,Codon,Mean
A,GCG,0.06009922844072202
A,GCC,-0.394254414425294
C,TGC,-0.343473565824827
D,GAC,-0.122635718462865
E,GAG,0.0135237559693316
F,TTC,-0.236852666596572
G,GGG,-0.0909304549989119
G,GGC,-0.438082164237897
H,CAC,0.0264600251073196
I,ATC,-0.276677693661054
K,AAG,-0.110870813567191
L,CTG,-0.919808760472139
L,CTC,-0.15579801452159903
L,TTG,-0.793946927817663
N,AAC,-0.195805107355118
P,CCG,-0.2166323304616913
P,CCC,-0.518975191042821
Q,CAG,-0.178595134988427
R,AGG,0.10249682023524986
R,CGG,-0.23230758292675002
R,CGC,-0.395681478389104
S,TCG,-0.3957271663422946
S,TCC,-0.280382869084676
T,ACG,-0.23644017977466197
T,ACC,-0.217587939702471
V,GTG,-0.779555926963103
V,GTC,-0.21599063256979
Y,TAC,-0.252083743910988
Z,AGC,-0.377610624589523
