AA,Codon,Mean
A,GCG,2.7360528920749823
A,GCC,1.66312516083717
C,TGC,1.95842414651712
D,GAC,3.29629989957809
E,GAG,2.13137547578017
F,TTC,1.03749606318871
G,GGG,1.370650425718447
G,GGC,3.06436599896749
H,CAC,2.81432195607821
I,ATC,1.87452848749161
K,AAG,2.41556326812108
L,CTG,1.0121551718234998
L,CTC,1.336399394991
L,TTG,2.11075904669762
N,AAC,3.6779742020448
P,CCG,2.356890763052305
P,CCC,1.05880546592474
Q,CAG,2.89173203409513
R,AGG,2.315122071533406
R,CGG,0.549557303144504
R,CGC,2.12726023127238
S,TCG,2.97655255536636
S,TCC,1.85804896569252
T,ACG,2.2463708228766905
T,ACC,2.1855582927227
V,GTG,-0.5146692629545969
V,GTC,1.7615049940904
Y,TAC,2.60536400631269
Z,AGC,3.06170863919258
