AA,Codon,Mean
A,GCG,-0.885607745582651
A,GCC,-0.872806040938695
C,TGC,-0.793812243775527
D,GAC,-1.83338910388152
E,GAG,-1.17932630514701
F,TTC,-1.08248994270563
G,GGG,-0.9266830850494401
G,GGC,-1.01153761748473
H,CAC,-1.89664483203888
I,ATC,-1.44866145198345
K,AAG,-2.10036851255099
L,CTG,-0.5625006131654817
L,CTC,-0.959338364326954
L,TTG,-1.87780795638561
N,AAC,-2.63327173067729
P,CCG,-0.419350826385561
P,CCC,-0.0488306022793606
Q,CAG,-1.52325326546828
R,AGG,-0.2897568069743752
R,CGG,-1.257697338881219
R,CGC,-0.351583864596814
S,TCG,-1.40128952673004
S,TCC,-1.18519566986561
T,ACG,-0.9902494315207
T,ACC,-1.37040979840755
V,GTG,-0.998827425483862
V,GTC,-1.00611208525499
Y,TAC,-2.17746483141581
Z,AGC,-1.59376141585509
