AA,Codon,Mean
A,GCG,3.1434399775505026
A,GCC,1.58669930539131
C,TGC,2.59555873362223
D,GAC,3.10818259835243
E,GAG,2.46756843674978
F,TTC,0.513418861903747
G,GGG,1.01276846847931
G,GGC,3.98842071738243
H,CAC,1.98953661577702
I,ATC,1.61510172659556
K,AAG,1.50686104005973
L,CTG,1.4463512943029402
L,CTC,1.612991576083504
L,TTG,1.96243926293055
N,AAC,2.72410526487033
P,CCG,3.48860203079383
P,CCC,2.10450815503597
Q,CAG,3.58059982213974
R,AGG,3.7655451742251698
R,CGG,-0.35804484093984
R,CGC,3.24869548139572
S,TCG,3.461395995859307
S,TCC,1.74184879803658
T,ACG,2.4509708601077413
T,ACC,2.0510541350921
V,GTG,-1.967537499761581
V,GTC,1.58810912493865
Y,TAC,1.91158954253991
Z,AGC,3.15937964852651
