AA,Codon,Mean
A,GCG,2.37699235941776
A,GCC,0.797229494718711
C,TGC,0.962779876534144
D,GAC,2.00634381905397
E,GAG,1.14630370671749
F,TTC,0.482725554972887
G,GGG,1.864947097756468
G,GGC,1.96092561627229
H,CAC,1.78946905963421
I,ATC,1.05337609047095
K,AAG,0.449743008635441
L,CTG,0.8682995849688809
L,CTC,1.514718968596057
L,TTG,0.37812779216369
N,AAC,1.32393874716759
P,CCG,1.948135817404593
P,CCC,1.63574088566303
Q,CAG,0.793777141181628
R,AGG,1.2936277191227403
R,CGG,0.841705519471561
R,CGC,2.2655892871062
S,TCG,1.3715668920064978
S,TCC,1.04255487932762
T,ACG,1.5383791715079176
T,ACC,0.937301238270601
V,GTG,-0.32133573046128006
V,GTC,1.52250909719467
Y,TAC,1.25550577582518
Z,AGC,1.36651965864499
