AA,Codon,Mean
A,GCG,-0.835662528824807
A,GCC,-0.564049546174208
C,TGC,-0.615680623960495
D,GAC,-0.827871021513144
E,GAG,-0.686986040949822
F,TTC,-0.71389871969223
G,GGG,-0.5449414645619669
G,GGC,-0.77838824352026
H,CAC,-0.837296317478021
I,ATC,-0.900110280354818
K,AAG,-0.710278344921271
L,CTG,-0.5256795041466751
L,CTC,-0.76795459890763
L,TTG,-0.866592802802722
N,AAC,-0.855295150983334
P,CCG,-0.7150905887034902
P,CCC,-0.58018515226841
Q,CAG,-0.849367551942666
R,AGG,-0.376373052873799
R,CGG,-0.7112058010429139
R,CGC,-0.993339064248403
S,TCG,-0.845554863032202
S,TCC,-0.537194388731321
T,ACG,-0.9153617229747892
T,ACC,-0.695485683953762
V,GTG,-0.5119521553429467
V,GTC,-0.696846849075953
Y,TAC,-0.805239849845568
Z,AGC,-0.769758646408717
