AA,Codon,Mean
A,GCG,-0.17066596957842506
A,GCC,-0.0650452167031666
C,TGC,-0.137780066914856
D,GAC,-0.0155163882367448
E,GAG,0.0470051181313271
F,TTC,0.13473601290683
G,GGG,0.17646255530019597
G,GGC,-0.492402204253276
H,CAC,0.341437286492189
I,ATC,0.0550472850526373
K,AAG,0.0187847264159651
L,CTG,-0.5211160927929959
L,CTC,-0.261859511989356
L,TTG,-0.354585312386354
N,AAC,0.348014209290345
P,CCG,-0.27483839079538996
P,CCC,0.345406896370649
Q,CAG,-0.0348766516271357
R,AGG,-0.0032128515104460353
R,CGG,-0.34619678752819694
R,CGC,-0.548127645238241
S,TCG,-0.24372224954366695
S,TCC,0.0552670673876069
T,ACG,-0.10658361129164695
T,ACC,0.178473497013251
V,GTG,-0.705114951321483
V,GTC,-0.267146786597371
Y,TAC,0.0626416515530397
Z,AGC,0.108598315885911
