AA,Codon,Mean
A,GCG,-0.16130316478610007
A,GCC,-0.0548174018989007
C,TGC,-0.306860268131892
D,GAC,-0.174074079977473
E,GAG,-0.343653513234854
F,TTC,-0.441794279388587
G,GGG,0.26919249277114804
G,GGC,0.0858605319904784
H,CAC,-0.386487901018063
I,ATC,-0.218748349053661
K,AAG,-0.469682727875312
L,CTG,-0.251945498650272
L,CTC,-0.1570023269852
L,TTG,-0.547192342309157
N,AAC,-0.410316106603543
P,CCG,0.018707505913576006
P,CCC,-0.136733245493472
Q,CAG,-0.42833768278559
R,AGG,0.244597538181146
R,CGG,0.279414033599695
R,CGC,0.112947823622823
S,TCG,-0.21986101450324
S,TCC,-0.163236763301492
T,ACG,-0.069175545728207
T,ACC,-0.144467670325935
V,GTG,-0.20157905888954802
V,GTC,-0.161110031729937
Y,TAC,-0.33556437125802
Z,AGC,-0.28632943286101
