AA,Codon,Mean
A,GCG,0.25200222410808
A,GCC,0.440553221748273
C,TGC,0.0673819016265644
D,GAC,0.402978622871637
E,GAG,0.241756137315432
F,TTC,0.45446118601958
G,GGG,0.61447075175047
G,GGC,0.00140381083769666
H,CAC,0.725838352767626
I,ATC,0.567849353826046
K,AAG,0.0676952692281455
L,CTG,-0.15882465707461002
L,CTC,0.411069426925977
L,TTG,-0.127948109134038
N,AAC,0.7165739874204
P,CCG,0.20482357167502196
P,CCC,0.8430838707606
Q,CAG,0.153020034578443
R,AGG,0.269760103874405
R,CGG,0.143913992665211
R,CGC,-0.0276502230928319
S,TCG,0.175913199328383
S,TCC,0.562438174211979
T,ACG,0.21216749620387998
T,ACC,0.616310860610008
V,GTG,-0.3548425405923277
V,GTC,0.27029615911146
Y,TAC,0.488897207268079
Z,AGC,0.332662773927053
