AA,Codon,Mean
A,GCG,0.9455289350815113
A,GCC,0.518675304585695
C,TGC,0.177188243029515
D,GAC,0.86665830732584
E,GAG,0.672840034445127
F,TTC,0.616067493474484
G,GGG,0.784481553913703
G,GGC,0.452632478457689
H,CAC,0.831556284674009
I,ATC,0.677585946118832
K,AAG,0.616006201879183
L,CTG,-0.045818964735666934
L,CTC,0.6155070665438929
L,TTG,-0.00236583068059438
N,AAC,0.828972048346202
P,CCG,0.803632028648257
P,CCC,0.614736527784665
Q,CAG,0.698501979362965
R,AGG,0.4644431301911681
R,CGG,0.8257159588246641
R,CGC,0.440242847013473
S,TCG,0.743993837295876
S,TCC,0.593797388843695
T,ACG,0.7454990925427132
T,ACC,0.675076213995616
V,GTG,0.06148680630525
V,GTC,0.633358459115028
Y,TAC,0.514358001508315
Z,AGC,0.384539753142993
