AA,Codon,Mean
A,GCG,-0.20652044507960404
A,GCC,-0.161682567339142
C,TGC,-0.0870089130145808
D,GAC,-0.451229877978563
E,GAG,-0.390260436318318
F,TTC,-0.408415927517414
G,GGG,-0.23806335464914596
G,GGC,0.0993312812740604
H,CAC,-0.545125928791364
I,ATC,-0.317178835201263
K,AAG,-0.555770676600933
L,CTG,-0.1774154027931317
L,CTC,-0.2025754724368456
L,TTG,-0.648284250919024
N,AAC,-0.580577733186881
P,CCG,0.1369108439891466
P,CCC,-0.11998797737956
Q,CAG,-0.451125657741229
R,AGG,0.19583962242802
R,CGG,-0.7278204186111681
R,CGC,0.012296708724145
S,TCG,-0.4926669496734941
S,TCC,-0.149127878514429
T,ACG,-0.3092886933873553
T,ACC,-0.218640832815568
V,GTG,-0.47822539346814197
V,GTC,-0.25316928772529
Y,TAC,-0.549822578356663
Z,AGC,-0.306404891906182
