AA,Codon,Mean
A,GCG,0.720765070318182
A,GCC,0.464015838899215
C,TGC,0.00520590966517314
D,GAC,0.711804645959536
E,GAG,0.507663787808021
F,TTC,0.521427886116505
G,GGG,0.628402096219858
G,GGC,0.0487966007163147
H,CAC,0.742223185960452
I,ATC,0.483099858721097
K,AAG,0.428907506765922
L,CTG,-0.35102876867552596
L,CTC,0.347104088515043
L,TTG,-0.019850185676339598
N,AAC,0.732869438203176
P,CCG,0.47815406649171305
P,CCC,0.483997045777241
Q,CAG,0.418458615728219
R,AGG,0.11774679059982296
R,CGG,0.589044466304779
R,CGC,0.111805403051525
S,TCG,0.603417645064635
S,TCC,0.560302829798063
T,ACG,0.5845853659128152
T,ACC,0.59573080893755
V,GTG,-0.03229074412442284
V,GTC,0.481468967179457
Y,TAC,0.367143870119254
Z,AGC,0.216676384132107
