DIC.LogLik	pD.LogLik.1	pD.LogLik.2	Loglik.at.posterior.mean	DIC.LogPost	pD.LogPost.1	pD.LogPost.2	LogPost.at.posterior.mean	Parameters	Samples.used
5112002.663927101	85.46744107920676	4516.964762008603	-2551484.3672015416	5131382.093232609	681.9154758099467	10909.629288837497	-2554781.4173274674	4378	7500
