AA,Codon,Mean
A,GCG,2.313535124540327
A,GCC,1.85136299428145
C,TGC,1.28371736081441
D,GAC,2.17111931538582
E,GAG,0.934409467891852
F,TTC,1.49619604949156
G,GGG,1.152558746391535
G,GGC,1.72318911022345
H,CAC,2.20282411696116
I,ATC,1.60604875725905
K,AAG,1.95793644589583
L,CTG,0.613678904104234
L,CTC,1.3995183065956949
L,TTG,0.563848741841316
N,AAC,1.61423372081916
P,CCG,2.1129989891867575
P,CCC,1.32465978963375
Q,CAG,1.24825561463833
R,AGG,1.50689560767014
R,CGG,0.821920712436085
R,CGC,1.3516998351415
S,TCG,2.4531376178304343
S,TCC,1.7080081882
T,ACG,2.052322187495227
T,ACC,1.97156944140593
V,GTG,0.36318946496744897
V,GTC,1.67437818905512
Y,TAC,1.67368380289872
Z,AGC,1.63960006597042
