AA,Codon,Mean
A,GCG,0.7153467667539901
A,GCC,-0.117829476004839
C,TGC,0.556411995482445
D,GAC,-0.256071494292219
E,GAG,0.709896606274446
F,TTC,-0.50962579784592
G,GGG,0.33433620007435894
G,GGC,0.57441246502796806
H,CAC,-0.506934953687588
I,ATC,-0.261680541236202
K,AAG,-0.495413114702702
L,CTG,0.5473527771512661
L,CTC,1.015444013249873
L,TTG,0.00772974564065278
N,AAC,-0.547183506457011
P,CCG,1.0529151197532811
P,CCC,1.13490264612834
Q,CAG,1.04156418530146
R,AGG,1.341040724720557
R,CGG,1.19444685257276
R,CGC,1.52907294134299
S,TCG,0.895967402013145
S,TCC,-0.161287707422177
T,ACG,1.415615363097191
T,ACC,-0.252521207313736
V,GTG,0.692211825772122
V,GTC,-0.125570726830264
Y,TAC,-0.555829598597686
Z,AGC,-0.118246302566305
