AA,Codon,Mean
A,GCG,2.3857373715798023
A,GCC,1.6542839919885
C,TGC,1.99877194097837
D,GAC,2.01378337535858
E,GAG,1.79987730354468
F,TTC,0.73151342501243
G,GGG,1.3012292338371299
G,GGC,2.66004511852264
H,CAC,1.7363772768418
I,ATC,1.14595120821794
K,AAG,1.36275016382535
L,CTG,1.1905162558317202
L,CTC,2.148035149105387
L,TTG,0.525188462618987
N,AAC,1.03432837664684
P,CCG,2.735253090992567
P,CCC,2.20053070639769
Q,CAG,2.48301492611567
R,AGG,2.92357953378571
R,CGG,0.3829972008963469
R,CGC,1.46229894977411
S,TCG,2.800913141280414
S,TCC,1.47958882695039
T,ACG,2.7792773346275093
T,ACC,1.9269385632356
V,GTG,1.0674105936566969
V,GTC,1.25019136941433
Y,TAC,1.05762992798885
Z,AGC,1.66953462223212
