DIC.LogLik	pD.LogLik.1	pD.LogLik.2	Loglik.at.posterior.mean	DIC.LogPost	pD.LogPost.1	pD.LogPost.2	LogPost.at.posterior.mean	Parameters	Samples.used
5209099.956224113	-1274.1557779973373	5202.948183613771	-2599347.0299284426	5245430.818652078	-821.2523011555895	18866.49855287381	-2603848.910773165	5294	7500
