AA,Codon,Mean
A,GCG,0.6446072151223841
A,GCC,0.179530607760946
C,TGC,1.30504478582541
D,GAC,0.279311575253805
E,GAG,1.08276479971409
F,TTC,-0.312869444702069
G,GGG,6.288298209600196e-4
G,GGC,1.06419024126927
H,CAC,0.0434359270097407
I,ATC,-0.0702580053205291
K,AAG,0.452925939971209
L,CTG,0.885290467309955
L,CTC,0.748203017429509
L,TTG,0.366877389166752
N,AAC,-0.312153880280256
P,CCG,1.3687891094446178
P,CCC,1.73898068684737
Q,CAG,1.41802332473596
R,AGG,1.826434713770947
R,CGG,0.1715747277418802
R,CGC,1.23416872882048
S,TCG,1.1936120310525078
S,TCC,0.257108478302757
T,ACG,1.173229186896486
T,ACC,0.0537639473885919
V,GTG,-0.31584720522563003
V,GTC,0.0945214348815381
Y,TAC,-0.186502487470706
Z,AGC,0.673229489839077
