AA,Codon,Mean
A,GCG,1.710349346578615
A,GCC,1.26785217190584
C,TGC,0.618936787674824
D,GAC,1.52309800767899
E,GAG,0.425294421778123
F,TTC,0.649533668724696
G,GGG,0.5410508965155886
G,GGC,1.27853051153819
H,CAC,1.49646160461108
I,ATC,0.873848647852739
K,AAG,0.500740395299594
L,CTG,0.20040783899625103
L,CTC,0.743827133007849
L,TTG,-0.107662467686087
N,AAC,1.20328056627909
P,CCG,1.804927826730406
P,CCC,0.652365662006537
Q,CAG,0.716164434329669
R,AGG,0.6308506121555899
R,CGG,0.5584856358573276
R,CGC,1.05107553669612
S,TCG,1.4857402712464332
S,TCC,0.707714320615927
T,ACG,1.41326013474067
T,ACC,1.13276044822534
V,GTG,-0.450717889726162
V,GTC,1.34651012536685
Y,TAC,1.34170087982019
Z,AGC,0.784512645300229
