DIC.LogLik	pD.LogLik.1	pD.LogLik.2	Loglik.at.posterior.mean	DIC.LogPost	pD.LogPost.1	pD.LogPost.2	LogPost.at.posterior.mean	Parameters	Samples.used
5129721.905935049	-1972.6643658829853	4898.5030710623005	-2559962.4498964623	5182587.284288948	-1843.7515486525372	27204.63458688081	-2564089.0075575933	5087	7500
