AA,Codon,Mean
A,GCG,1.868713436232008
A,GCC,0.98615064719518
C,TGC,0.88898545638720206
D,GAC,1.70331570041974
E,GAG,1.14014310840766
F,TTC,1.05768787111441
G,GGG,0.8372378582208336
G,GGC,0.806031947894891
H,CAC,1.74914926795959
I,ATC,1.18563890186946
K,AAG,1.16331977512836
L,CTG,0.946228387800853
L,CTC,1.173310075092317
L,TTG,0.996652658275763
N,AAC,1.60272191137473
P,CCG,1.618007039696969
P,CCC,1.01020958273013
Q,CAG,1.26587508684794
R,AGG,1.090850559418397
R,CGG,1.423416709341601
R,CGC,1.26270323162079
S,TCG,1.5230983912964648
S,TCC,1.04105345759392
T,ACG,1.5307640512183356
T,ACC,1.18913787793318
V,GTG,0.8956943504939564
V,GTC,1.19886104863485
Y,TAC,1.61738062041601
Z,AGC,0.943638692184289
