AA,Codon,Mean
A,GCG,0.3435198642214179
A,GCC,0.0140432746996679
C,TGC,0.501613263795773
D,GAC,-0.128597784961263
E,GAG,0.646922767996788
F,TTC,-0.492396024944385
G,GGG,-0.4731456452171051
G,GGC,0.476864926723639
H,CAC,-0.277891232836247
I,ATC,-0.196031213053068
K,AAG,-0.255271735859911
L,CTG,0.28415298888683294
L,CTC,0.09049271334409692
L,TTG,-0.122739739563564
N,AAC,-0.423495452098052
P,CCG,0.871267522939046
P,CCC,0.344010847608248
Q,CAG,0.634611289699872
R,AGG,0.959299211039146
R,CGG,-0.3410710111459101
R,CGC,0.649524828028679
S,TCG,0.11040614801843901
S,TCC,-0.0581808466968437
T,ACG,0.4630731000006201
T,ACC,-0.0868266240894794
V,GTG,-0.09137318689823104
V,GTC,-0.136541337347031
Y,TAC,-0.41070620410045
Z,AGC,0.063082023989937
