AA,Codon,Mean
A,GCG,1.738086353061597
A,GCC,0.988362240401904
C,TGC,0.873884453725815
D,GAC,1.73530420935154
E,GAG,1.01235245579084
F,TTC,1.1061080012798301
G,GGG,0.6369226459284629
G,GGC,1.12955494639079
H,CAC,1.83697497080167
I,ATC,1.23649511973063
K,AAG,1.05543672765096
L,CTG,0.9518960556646161
L,CTC,1.4181305057724272
L,TTG,0.945397756671906
N,AAC,1.58412046597004
P,CCG,1.679219634590546
P,CCC,1.05747867204746
Q,CAG,1.24294137860139
R,AGG,1.0470088156209194
R,CGG,1.365136451792468
R,CGC,1.51086381947199
S,TCG,1.4823944927146069
S,TCC,1.1237673107783
T,ACG,1.435300927731396
T,ACC,1.25449482080142
V,GTG,0.7286921529605984
V,GTC,1.252252323548
Y,TAC,1.61431236308416
Z,AGC,1.13810342895985
