AA,Codon,Mean
A,GCG,-0.633779733578368
A,GCC,-0.215376428381602
C,TGC,-0.541241190461318
D,GAC,-0.63661018002828
E,GAG,-1.16940789340337
F,TTC,-0.992537581392129
G,GGG,0.874289136099816
G,GGC,0.00472521492237105
H,CAC,-1.11139791498979
I,ATC,-0.422162193709612
K,AAG,-1.42394909323851
L,CTG,-1.3704161378761128
L,CTC,-0.2706222113105158
L,TTG,-1.76975326520602
N,AAC,-1.10197195207278
P,CCG,-0.662988151431085
P,CCC,-0.288285596748193
Q,CAG,-1.47079698503017
R,AGG,-0.12163022818168001
R,CGG,-0.29511378622054996
R,CGC,0.0739798071106275
S,TCG,-1.1864799906949133
S,TCC,-0.215974834835529
T,ACG,-0.634595680677891
T,ACC,-0.304291482551893
V,GTG,-0.9780777384430192
V,GTC,-0.316444491350651
Y,TAC,-0.98861006475687
Z,AGC,-0.573100836924712
