AA,Codon,Mean
A,GCG,0.851235967242718
A,GCC,0.739692775015036
C,TGC,0.327917504042387
D,GAC,0.876880954682827
E,GAG,0.498522583132982
F,TTC,0.30388170787394
G,GGG,0.7788464192643769
G,GGC,0.5044162101686
H,CAC,0.717866438782215
I,ATC,0.677017284417152
K,AAG,0.595600358037154
L,CTG,0.05327082050790399
L,CTC,0.4053530542397467
L,TTG,0.200095716071129
N,AAC,0.87537111411492
P,CCG,0.947909216410915
P,CCC,0.583365746176243
Q,CAG,0.484122949389617
R,AGG,0.74899226000607
R,CGG,0.757272893810273
R,CGC,-0.117424781198303
S,TCG,0.796185856691003
S,TCC,0.783386515688896
T,ACG,0.879497223727654
T,ACC,0.625044333318869
V,GTG,0.09399463868581429
V,GTC,0.88566100388368
Y,TAC,0.523166905055443
Z,AGC,0.370543400301536
