DIC.LogLik	pD.LogLik.1	pD.LogLik.2	Loglik.at.posterior.mean	DIC.LogPost	pD.LogPost.1	pD.LogPost.2	LogPost.at.posterior.mean	Parameters	Samples.used
5377285.087469699	-898.9293120736256	5562.399607098645	-2683080.144127751	5417699.786685426	-452.06027045473456	20848.637565435183	-2688001.2557772775	5761	7500
