AA,Codon,Mean
A,GCG,1.9112414420902781
A,GCC,1.07614932209253
C,TGC,0.506093644787868
D,GAC,1.1131399794658
E,GAG,0.730271521385511
F,TTC,0.285636217561364
G,GGG,1.792782561589777
G,GGC,1.28908401413759
H,CAC,0.87140812322696
I,ATC,0.788769948371251
K,AAG,0.456381872057915
L,CTG,0.21233551918268
L,CTC,1.146387905249
L,TTG,-0.293492721894383
N,AAC,0.709979170962175
P,CCG,1.9097198652886194
P,CCC,1.56130166022778
Q,CAG,1.12249117913246
R,AGG,1.076832242850466
R,CGG,1.2634911383512775
R,CGC,0.738308986242612
S,TCG,1.2781646731162537
S,TCC,0.669503416601817
T,ACG,1.3331825241128619
T,ACC,0.756484893258413
V,GTG,-0.524782380441821
V,GTC,0.926351532590389
Y,TAC,0.437551676857471
Z,AGC,0.378474304334323
