AA,Codon,Mean
A,GCG,-1.5832837488035398
A,GCC,-1.30372254196803
C,TGC,-0.689172742493947
D,GAC,-1.66590988903046
E,GAG,-1.19379573627313
F,TTC,-0.441679476894935
G,GGG,-1.0168140768714249
G,GGC,-1.71370996525288
H,CAC,-1.24011176164945
I,ATC,-0.94116700120767
K,AAG,-0.627147056424618
L,CTG,-1.4885339181938462
L,CTC,-1.2522043037322619
L,TTG,-1.10990335786343
N,AAC,-1.28086517497698
P,CCG,-1.717892503131798
P,CCC,-1.13033962806861
Q,CAG,-1.71819980924924
R,AGG,-0.0011866578261059413
R,CGG,-1.559659848045311
R,CGC,-1.11525111703475
S,TCG,-2.038080208381014
S,TCC,-0.65236953531901
T,ACG,-1.359042438205079
T,ACC,-1.17013283517361
V,GTG,-1.520560559024906
V,GTC,-0.92274911973079
Y,TAC,-1.06083392305772
Z,AGC,-1.09828770709038
