AA,Codon,Mean
A,GCG,0.931313596687714
A,GCC,0.498941336913904
C,TGC,0.41895842735966
D,GAC,0.858358439600468
E,GAG,0.690221746528149
F,TTC,0.602178789110978
G,GGG,0.646683475945393
G,GGC,0.687909438387553
H,CAC,0.86593993777434
I,ATC,0.706137544171015
K,AAG,0.561997219173114
L,CTG,0.216626363023122
L,CTC,0.8007394358515711
L,TTG,0.169004100680351
N,AAC,0.67980834031105
P,CCG,0.8116339092413822
P,CCC,0.604670024061203
Q,CAG,0.599984376430512
R,AGG,0.5549850440104821
R,CGG,0.7213437487567202
R,CGC,0.788602172474066
S,TCG,0.8064973604702701
S,TCC,0.605607926567395
T,ACG,0.802032847883304
T,ACC,0.623361086849372
V,GTG,0.25682415729959795
V,GTC,0.798347658753395
Y,TAC,0.598229765105248
Z,AGC,0.594937401338418
