AA,Codon,Mean
A,GCG,0.13173090153932504
A,GCC,0.0511580023152133
C,TGC,0.32649278810819
D,GAC,-0.131634612799684
E,GAG,0.225885449389617
F,TTC,-0.259797381394108
G,GGG,-0.12331390761137007
G,GGC,0.347694883336624
H,CAC,-0.190533578349153
I,ATC,-0.0876185761024555
K,AAG,-0.265714488229156
L,CTG,0.09674543454249701
L,CTC,0.16789510015050502
L,TTG,-0.197085464422901
N,AAC,-0.298179041725397
P,CCG,0.655239601658781
P,CCC,0.195785032658776
Q,CAG,0.334221037365993
R,AGG,0.4717096619560287
R,CGG,-0.24912136854331002
R,CGC,0.417715386221806
S,TCG,0.019440109841028008
S,TCC,-0.0155774200692142
T,ACG,0.10698600472609199
T,ACC,-0.0561685101648172
V,GTG,-0.21083439698418
V,GTC,-0.0650111204581956
Y,TAC,-0.30269703917702
Z,AGC,-0.0235458402285209
