AA,Codon,Mean
A,GCG,0.8400849065492549
A,GCC,0.42727863210837
C,TGC,0.266060048166911
D,GAC,0.716901619295279
E,GAG,0.623236213521163
F,TTC,0.517740931375821
G,GGG,0.6942340461680658
G,GGC,0.364597136926651
H,CAC,0.713950501577059
I,ATC,0.533205168608824
K,AAG,0.504335627289613
L,CTG,0.09473180966178602
L,CTC,0.5507494672834831
L,TTG,0.089647083427757
N,AAC,0.580097224736214
P,CCG,0.6664277732222885
P,CCC,0.499469547615449
Q,CAG,0.458549697907766
R,AGG,0.4578937092979791
R,CGG,0.639156216204166
R,CGC,0.473717071052392
S,TCG,0.738890646747748
S,TCC,0.572383587320646
T,ACG,0.731631880374749
T,ACC,0.538057815124591
V,GTG,0.2343425187743514
V,GTC,0.68590984104077
Y,TAC,0.503734579096238
Z,AGC,0.387564555211862
