DIC.LogLik	pD.LogLik.1	pD.LogLik.2	Loglik.at.posterior.mean	DIC.LogPost	pD.LogPost.1	pD.LogPost.2	LogPost.at.posterior.mean	Parameters	Samples.used
5021405.32007852	-1305.996019992046	5045.50351660273	-2505657.1565226573	5057957.376629295	-867.2662225309759	18897.918309546898	-2510080.7700051004	5148	7500
