DIC.LogLik	pD.LogLik.1	pD.LogLik.2	Loglik.at.posterior.mean	DIC.LogPost	pD.LogPost.1	pD.LogPost.2	LogPost.at.posterior.mean	Parameters	Samples.used
5693855.234707565	-5757.450089306571	5826.775197766144	-2841100.8421560163	5809009.894499676	-5324.6484009297565	58275.8747235423	-2846229.0725262957	6008	7500
