AA,Codon,Mean
A,GCG,0.8918673761536671
A,GCC,0.665570836015542
C,TGC,0.30347032328546
D,GAC,0.813452528707186
E,GAG,0.503285891815027
F,TTC,0.22981752726237
G,GGG,0.598558094224334
G,GGC,0.593092872977257
H,CAC,0.812609179663658
I,ATC,0.595210002656778
K,AAG,0.522580621699492
L,CTG,0.605560356783867
L,CTC,0.606861023905873
L,TTG,0.112083364847302
N,AAC,0.598984275182088
P,CCG,0.7276890437622869
P,CCC,0.704178633872668
Q,CAG,0.351257833560308
R,AGG,0.423373633889354
R,CGG,0.39001919932040996
R,CGC,0.559559480218093
S,TCG,0.5903729812972247
S,TCC,0.753471606862545
T,ACG,0.724883833314975
T,ACC,0.633687052679062
V,GTG,0.14990754669259
V,GTC,0.866926350184282
Y,TAC,0.452160448910793
Z,AGC,0.392402486823002
