AA,Codon,Mean
A,GCG,0.43838336316148396
A,GCC,0.116442618042727
C,TGC,0.434300312517087
D,GAC,-0.102164316057165
E,GAG,0.37637471978267
F,TTC,-0.328165780216455
G,GGG,0.1976920042912219
G,GGC,0.66158558469216
H,CAC,-0.251365109609564
I,ATC,-0.0878614451219638
K,AAG,-0.47825734316508
L,CTG,0.755714952056606
L,CTC,0.213822653349241
L,TTG,-0.361892265444994
N,AAC,-0.419254047644138
P,CCG,1.292426567879315
P,CCC,0.706519095420837
Q,CAG,0.60572291504542
R,AGG,0.9115682654509939
R,CGG,-0.37376962373256983
R,CGC,0.840011011834939
S,TCG,0.163062627561888
S,TCC,-0.014902552992617
T,ACG,0.33353679475188297
T,ACC,-0.0488938394777477
V,GTG,-0.25765691327651397
V,GTC,-0.0447458492049327
Y,TAC,-0.388195024168491
Z,AGC,0.0495419429810873
