AA,Codon,Mean
A,GCG,-0.08140678750673996
A,GCC,0.0821415646466116
C,TGC,-0.297979593186577
D,GAC,0.0894627885664503
E,GAG,-0.273099666682879
F,TTC,-0.237300634284814
G,GGG,-0.230858160028359
G,GGC,-0.184927661042909
H,CAC,-7.5973154421655e-4
I,ATC,-0.110915467545887
K,AAG,-0.261563788144787
L,CTG,-0.06593534051974603
L,CTC,-0.11152041678826008
L,TTG,-1.04908718911409
N,AAC,-0.202181913373868
P,CCG,-0.09033187997341197
P,CCC,-0.193442040983339
Q,CAG,-0.520962418893973
R,AGG,0.07427323442300204
R,CGG,-0.631233832239856
R,CGC,-0.10182802778508
S,TCG,-0.677275783995553
S,TCC,0.214110187924902
T,ACG,-0.345944064587355
T,ACC,0.0411217940448851
V,GTG,-0.8653647692104179
V,GTC,0.344563331121206
Y,TAC,-0.445589909531673
Z,AGC,-0.247272514504194
