DIC.LogLik	pD.LogLik.1	pD.LogLik.2	Loglik.at.posterior.mean	DIC.LogPost	pD.LogPost.1	pD.LogPost.2	LogPost.at.posterior.mean	Parameters	Samples.used
4729617.951009423	-1019.9803417315707	4742.099748349665	-2360066.8757563615	4756817.208922612	-415.11138745304197	14499.66044531577	-2363908.94401599	4766	7500
