DIC.LogLik	pD.LogLik.1	pD.LogLik.2	Loglik.at.posterior.mean	DIC.LogPost	pD.LogPost.1	pD.LogPost.2	LogPost.at.posterior.mean	Parameters	Samples.used
4990104.064975835	-1384.1672522742301	4986.48512308173	-2490065.547364836	5053221.610135838	-997.9174247514457	32375.210042977033	-2494235.595024942	4933	7500
