AA,Codon,Mean
A,GCG,1.070855653835336
A,GCC,0.268460213148594
C,TGC,-0.0216117332157569
D,GAC,0.391953410826127
E,GAG,0.391487271356583
F,TTC,0.273306575196981
G,GGG,0.4306667485659747
G,GGC,-0.240715911863248
H,CAC,0.578983810464541
I,ATC,0.320685374458631
K,AAG,0.396024237980445
L,CTC,0.3862691183091645
L,TTG,-0.621296314116319
N,AAC,0.334173444481691
P,CCG,0.1364318684190047
P,CCC,0.290645037358999
Q,CAG,0.140603316582739
R,AGG,0.41768012620935613
R,CGG,0.22986536745727
R,CGC,-0.387899664086103
S,TCG,0.2949415003097105
S,TCC,0.434623266253869
T,ACG,0.4888120410365362
T,ACC,0.448180839161078
V,GTG,-0.7138562199865779
V,GTC,0.511154392502705
Y,TAC,0.166281653997302
Z,AGC,-0.05891418767177
