AA,Codon,Mean
A,GCG,0.144158380357424
A,GCC,0.24103730455935
C,TGC,0.351887061417103
D,GAC,-0.126599023806552
E,GAG,0.00380320072934664
F,TTC,-0.249846459878484
G,GGG,0.8737837122797991
G,GGC,0.688248306043943
H,CAC,-0.366761647085349
I,ATC,0.0234586919637125
K,AAG,-0.487322688219945
L,CTC,0.2526371097564699
L,TTG,-0.40412066226999
N,AAC,-0.378720901550849
P,CCG,1.2945011695335331
P,CCC,0.609397771962484
Q,CAG,0.377477972137928
R,AGG,1.016852589197954
R,CGG,-0.3894504932721401
R,CGC,1.04249521106084
S,TCG,-0.12322205524643304
S,TCC,0.103735324747364
T,ACG,0.278991888181369
T,ACC,0.0255145885537953
V,GTG,-0.29018647610147796
V,GTC,0.0455039887892703
Y,TAC,-0.405634682768583
Z,AGC,0.108490887282789
