AA,Codon,Mean
A,GCG,0.24515802064736492
A,GCC,-0.69409435038964
C,TGC,-0.528784694498777
D,GAC,-0.574528883544604
E,GAG,-0.115489850494266
F,TTC,0.0721852203760296
G,GGG,0.048462485488256046
G,GGC,-1.42884470496972
H,CAC,-0.208076647641261
I,ATC,-0.145157554709911
K,AAG,0.0746593524549156
L,CTC,-0.0671567368330124
L,TTG,-1.80331108454069
N,AAC,-0.4692224185884
P,CCG,-0.9293990938199065
P,CCC,-0.409302331654231
Q,CAG,-0.741797209187349
R,AGG,0.45692178219954094
R,CGG,-0.720694673460722
R,CGC,-1.31463726968765
S,TCG,-1.011123873632153
S,TCC,-0.0325900631660813
T,ACG,-0.23451001371940006
T,ACC,-0.386574903714657
V,GTG,-1.836808977297943
V,GTC,0.00906932759473175
Y,TAC,-0.504235884545247
Z,AGC,-0.808647820615768
