DIC.LogLik	pD.LogLik.1	pD.LogLik.2	Loglik.at.posterior.mean	DIC.LogPost	pD.LogPost.1	pD.LogPost.2	LogPost.at.posterior.mean	Parameters	Samples.used
5712318.213477175	-240.51516355201602	5840.267284478992	-2850318.8394541084	5744833.554242496	504.7281216084957	17598.189344830953	-2854818.5877764174	5646	7500
