AA,Codon,Mean
A,GCG,0.21199312493672365
A,GCC,0.0361606216265266
C,TGC,-0.320045082447926
D,GAC,-0.0917075548268855
E,GAG,-0.0244990989339623
F,TTC,0.06614332352411
G,GGG,0.20884250742383126
G,GGC,-0.281313165400426
H,CAC,-0.0563955406154431
I,ATC,0.00548747419542044
K,AAG,-0.0584525029316545
L,CTG,-0.615756235267719
L,CTC,-0.080393392991295
L,TTG,-0.624699291213353
N,AAC,-0.132981419693927
P,CCG,0.0605678126515823
P,CCC,0.150268623489638
Q,CAG,-0.157366782269875
R,AGG,0.2625954789865766
R,CGG,-0.09650171640281217
R,CGC,-0.379924839136998
S,TCG,-0.17668213575902258
S,TCC,0.0952084863640368
T,ACG,0.0838628694444857
T,ACC,0.0253696608143093
V,GTG,-0.514262604765159
V,GTC,0.230467394322157
Y,TAC,-0.416535806222757
Z,AGC,-0.236693752293785
