AA,Codon,Mean
A,GCG,-0.029339192767937006
A,GCC,-0.00336379183195172
C,TGC,0.11179983777379
D,GAC,-0.2082405003498
E,GAG,-0.0872658703049024
F,TTC,-0.26174063047866
G,GGG,0.251510258497795
G,GGC,0.257091310243805
H,CAC,-0.314672281092405
I,ATC,-0.0975179448684057
K,AAG,-0.306700459776322
L,CTG,0.109388263298074
L,CTC,-0.015547860801220004
L,TTG,-0.469790031770865
N,AAC,-0.375714267915487
P,CCG,0.866091080181301
P,CCC,0.241073744386435
Q,CAG,0.0438503930700322
R,AGG,0.560869409133991
R,CGG,-0.704619619258241
R,CGC,0.343147007852793
S,TCG,-0.09776505313813699
S,TCC,-0.0118795097476908
T,ACG,-0.005244704375664988
T,ACC,-0.0578152130648494
V,GTG,-0.325293215145667
V,GTC,-0.0581839389656981
Y,TAC,-0.360185781387488
Z,AGC,-0.093833876477927
