AA,Codon,Mean
A,GCG,0.652518063518404
A,GCC,0.432109150397778
C,TGC,-0.0724584373425071
D,GAC,0.376514782855908
E,GAG,0.284346021074057
F,TTC,0.218801797476411
G,GGG,0.43589967603012886
G,GGC,0.0689308693245053
H,CAC,0.399551118260622
I,ATC,0.348495934098959
K,AAG,0.185236937568585
L,CTG,-0.21234919785608902
L,CTC,0.3484566460745106
L,TTG,-0.219721124382814
N,AAC,0.298766014784574
P,CCG,0.5012298824373629
P,CCC,0.447002155003945
Q,CAG,0.228878814394275
R,AGG,0.28748759377797395
R,CGG,0.41399776992655196
R,CGC,-0.0555440701880803
S,TCG,0.4208193968414818
S,TCC,0.465132836397489
T,ACG,0.523109560535848
T,ACC,0.39696915507714
V,GTG,-0.017955713452895983
V,GTC,0.457756223428249
Y,TAC,0.0728214581957708
Z,AGC,-0.00243601397792881
