AA,Codon,Mean
A,GCG,1.521369788328806
A,GCC,0.825261674424013
C,TGC,0.407148450366656
D,GAC,1.03211380803585
E,GAG,0.749047088221709
F,TTC,0.783597426780065
G,GGG,0.79869556658268
G,GGC,0.745805388820171
H,CAC,1.17622090013822
I,ATC,1.00458781102896
K,AAG,0.459227364214261
L,CTC,0.9486078979253719
L,TTG,0.116552464615802
N,AAC,1.04438540469805
P,CCG,1.010354104573528
P,CCC,0.794749940574169
Q,CAG,0.578904901281993
R,AGG,0.703730652530989
R,CGG,0.5949125419259069
R,CGC,0.794668616704146
S,TCG,0.686041731743017
S,TCC,0.911244727738698
T,ACG,0.8288658557633559
T,ACC,0.837908031153679
V,GTG,0.36812077524959996
V,GTC,1.08003671853542
Y,TAC,0.858862297515074
Z,AGC,0.643960481671492
