AA,Codon,Mean
A,GCG,0.05100997057358403
A,GCC,0.0371033360673736
C,TGC,0.522997399363915
D,GAC,-0.122822087602814
E,GAG,0.389578165221214
F,TTC,-0.385906596324841
G,GGG,0.19830156047741498
G,GGC,0.535250387040774
H,CAC,-0.370829527652264
I,ATC,-0.11628915554285
K,AAG,-0.317372868450483
L,CTC,0.15040990709463703
L,TTG,0.0997008391201496
N,AAC,-0.388248739900192
P,CCG,0.8121678534060721
P,CCC,0.736684495031834
Q,CAG,0.45368418468833
R,AGG,0.7369462860005642
R,CGG,-0.031199889055889996
R,CGC,0.869035579744975
S,TCG,0.005658151066303019
S,TCC,-0.0195058275424177
T,ACG,0.23339107914368407
T,ACC,-0.116538129933675
V,GTG,-0.18192861821651396
V,GTC,-0.0689002545125783
Y,TAC,-0.411035905442635
Z,AGC,0.0485746505116578
