AA,Codon,Mean
A,GCG,0.7482825559775039
A,GCC,0.569423161931833
C,TGC,0.240510635335247
D,GAC,0.739433687345187
E,GAG,0.408894374740124
F,TTC,0.219115211802721
G,GGG,0.504116514576474
G,GGC,0.49109318660895
H,CAC,0.732638040840626
I,ATC,0.538233308410645
K,AAG,0.473140713906288
L,CTG,0.5621425009131431
L,CTC,0.585509045188626
L,TTG,0.0818627219691873
N,AAC,0.570868612599373
P,CCG,0.67534979121387
P,CCC,0.670603775676092
Q,CAG,0.25252103886505
R,AGG,0.400350684924924
R,CGG,0.288459886535695
R,CGC,0.529751733028889
S,TCG,0.482887506771336
S,TCC,0.710475692331791
T,ACG,0.623546985909343
T,ACC,0.584552382012208
V,GTG,0.035369921342532
V,GTC,0.82500609259208
Y,TAC,0.40670235550801
Z,AGC,0.333350144135952
