AA,Codon,Mean
A,GCG,0.16675305093328097
A,GCC,0.0254718575694598
C,TGC,0.280279219133655
D,GAC,-0.272414981522163
E,GAG,0.20497698850135
F,TTC,-0.467442086394628
G,GGG,-0.06284717702070897
G,GGC,0.482714359390736
H,CAC,-0.459486122280359
I,ATC,-0.241450847202539
K,AAG,-0.692205933030446
L,CTG,0.5053108795066681
L,CTC,-0.05948267052968392
L,TTG,-0.66289719072183
N,AAC,-0.653140018443267
P,CCG,0.953174309023222
P,CCC,0.360558549787601
Q,CAG,0.369915930386384
R,AGG,0.8149423845406001
R,CGG,-0.9270073143402799
R,CGC,0.532915095690886
S,TCG,-0.19406011172334403
S,TCC,-0.121086231223742
T,ACG,0.01685244093735999
T,ACC,-0.163438145911694
V,GTG,-0.519036005242665
V,GTC,-0.152126536825299
Y,TAC,-0.630912378017108
Z,AGC,-0.127910712257028
