DIC.LogLik	pD.LogLik.1	pD.LogLik.2	Loglik.at.posterior.mean	DIC.LogPost	pD.LogPost.1	pD.LogPost.2	LogPost.at.posterior.mean	Parameters	Samples.used
5422629.361731647	-2319.783582690172	5532.784720036946	-2705781.896145786	5457502.577843242	-1822.202694086358	18249.473408229063	-2710501.815513392	5627	7500
