AA,Codon,Mean
A,GCG,1.340842781054973
A,GCC,0.474825506003698
C,TGC,0.777542879474163
D,GAC,1.22296738840739
E,GAG,0.704044840955734
F,TTC,0.635470100641251
G,GGG,0.5469808169235789
G,GGC,1.14955817070802
H,CAC,1.38478765805562
I,ATC,0.865188548020522
K,AAG,0.40951281114618
L,CTG,0.273619537711144
L,CTC,0.80776095698078
L,TTG,0.341876138248046
N,AAC,1.04604296734333
P,CCG,1.097213465710482
P,CCC,0.455053202382724
Q,CAG,0.851080763566494
R,AGG,0.620211949535215
R,CGG,1.128339371186495
R,CGC,1.26280278380712
S,TCG,1.011514928855499
S,TCC,0.412897117648522
T,ACG,0.866511437123021
T,ACC,0.66414928603967
V,GTG,0.13377267058144
V,GTC,0.686542504044374
Y,TAC,0.927746005272865
Z,AGC,0.930427580444018
