AA,Codon,Mean
A,GCG,0.36988811755776396
A,GCC,0.0803579438070456
C,TGC,0.622554698081811
D,GAC,-0.0526876470665137
E,GAG,0.46945357123216
F,TTC,-0.365010216931502
G,GGG,-0.30520832970340994
G,GGC,0.573116015132268
H,CAC,-0.158954630001386
I,ATC,-0.081861667467157
K,AAG,-0.303504219106833
L,CTG,0.548727371302247
L,CTC,0.287090613108873
L,TTG,-0.119052571607133
N,AAC,-0.293532710160812
P,CCG,1.122963181585074
P,CCC,0.358875593870878
Q,CAG,0.613798488485813
R,AGG,0.8654094704112489
R,CGG,0.2793931151787401
R,CGC,0.846814414982001
S,TCG,0.330318469760815
S,TCC,0.0132130226846246
T,ACG,0.29962405455708496
T,ACC,-0.0146089584473533
V,GTG,-0.27239420564969397
V,GTC,-0.0707815690807998
Y,TAC,-0.314314545617501
Z,AGC,0.11619856910333
