DIC.LogLik	pD.LogLik.1	pD.LogLik.2	Loglik.at.posterior.mean	DIC.LogPost	pD.LogPost.1	pD.LogPost.2	LogPost.at.posterior.mean	Parameters	Samples.used
5161884.448461766	-1782.524632033892	5621.472931274178	-2575320.751299609	5177816.011178683	-1205.422947355546	9990.814835680878	-2578917.1907536606	5109	7500
