DIC.LogLik	pD.LogLik.1	pD.LogLik.2	Loglik.at.posterior.mean	DIC.LogPost	pD.LogPost.1	pD.LogPost.2	LogPost.at.posterior.mean	Parameters	Samples.used
5617554.005324813	-1395.3222952652723	5460.081212610162	-2803316.9214497963	5638373.847670712	-1107.2377330763265	12705.949337736005	-2806480.9744976196	5057	7500
