AA,Codon,Mean
A,GCG,2.4917772408485366
A,GCC,0.880310930228233
C,TGC,1.04641601910194
D,GAC,2.07331414968173
E,GAG,1.16174617298444
F,TTC,0.337179701723655
G,GGG,2.050781839309137
G,GGC,2.2091145471255
H,CAC,1.78191742683252
I,ATC,1.10763386840026
K,AAG,0.345652320226034
L,CTG,0.9218091963887212
L,CTC,1.607081300854189
L,TTG,0.217555643724402
N,AAC,1.22392888034185
P,CCG,2.216762668569881
P,CCC,1.83380627305508
Q,CAG,0.841700412603219
R,AGG,1.582974315112585
R,CGG,0.755682053359347
R,CGC,2.57870341712634
S,TCG,1.3770666577483242
S,TCC,1.13565510497888
T,ACG,1.5680407697965721
T,ACC,1.04243488258918
V,GTG,-0.5738479482015
V,GTC,1.61232347572645
Y,TAC,1.20076930047671
Z,AGC,1.48175288937092
