AA,Codon,Mean
A,GCG,2.665786849671601
A,GCC,0.575925642325481
C,TGC,0.893499140854677
D,GAC,1.59939330791632
E,GAG,0.721192936925093
F,TTC,-0.525194624700149
G,GGG,2.57311577835878
G,GGC,2.45342302624385
H,CAC,1.08976134852966
I,ATC,0.505313373762369
K,AAG,-0.311951265712579
L,CTG,0.9651711836735402
L,CTC,1.2829435720264881
L,TTG,-0.687374627057711
N,AAC,0.384653583310048
P,CCG,2.609866271732251
P,CCC,2.07514308383465
Q,CAG,0.413879484844208
R,AGG,2.013604944703977
R,CGG,0.17784603911241015
R,CGC,2.88262081101735
S,TCG,0.8438190462927069
S,TCC,0.924200823140144
T,ACG,1.166398562784987
T,ACC,0.706529944245021
V,GTG,-1.59507570089499
V,GTC,1.14908010562261
Y,TAC,0.494561731443802
Z,AGC,1.23447672524452
