AA,Codon,Mean
A,GCG,-0.9787966131627581
A,GCC,-0.559269476004442
C,TGC,-0.637501880033811
D,GAC,-0.728552728160222
E,GAG,-0.55106698996226
F,TTC,-0.257894902616739
G,GGG,-0.8253484264810851
G,GGC,-1.14110284166336
H,CAC,-0.593247289999326
I,ATC,-0.746158510037263
K,AAG,-0.365770202247302
L,CTG,-0.565181627816955
L,CTC,-0.745042218481997
L,TTG,-0.366500165537993
N,AAC,-0.46190528229475
P,CCG,-1.0724766751108028
P,CCC,-0.829598072067896
Q,CAG,-0.744412385086219
R,AGG,-0.804642180056373
R,CGG,-0.456144600637754
R,CGC,-1.33350180997848
S,TCG,-0.663728776671489
S,TCC,-0.567450124080976
T,ACG,-0.788453357597192
T,ACC,-0.705765492912134
V,GTG,0.024670586562155927
V,GTC,-0.637704211076101
Y,TAC,-0.495133865094185
Z,AGC,-0.777166331438224
