AA,Codon,Mean
A,GCG,1.248204200311502
A,GCC,0.706869848048687
C,TGC,0.584881885747115
D,GAC,1.08071103996436
E,GAG,0.486214154626926
F,TTC,0.857317707920074
G,GGG,0.811817544887215
G,GGC,0.845851096224785
H,CAC,1.16788356432915
I,ATC,0.931670465457439
K,AAG,0.620623794480165
L,CTG,0.22156797759234903
L,CTC,0.9144028118858729
L,TTG,0.522822785111268
N,AAC,0.99630102288723
P,CCG,1.091904938398798
P,CCC,0.940740213175615
Q,CAG,0.534111548916499
R,AGG,0.6024861738721489
R,CGG,0.723074140209953
R,CGC,0.772327575969696
S,TCG,1.142091721189022
S,TCC,0.8745264280955
T,ACG,1.3548522452890919
T,ACC,0.8463589519461
V,GTG,0.3971986081315534
V,GTC,1.05302418920994
Y,TAC,0.880366765312354
Z,AGC,0.682063568802675
