AA,Codon,Mean
A,GCG,-0.30320929353634496
A,GCC,-0.0787080785195033
C,TGC,0.117944840674599
D,GAC,-0.604918636790911
E,GAG,-0.0619379240284363
F,TTC,-0.887796615072091
G,GGG,-0.3639383979479419
G,GGC,0.219993038835128
H,CAC,-0.9273222737511
I,ATC,-0.552797392964363
K,AAG,-0.909002407415708
L,CTG,-0.144755145394305
L,CTC,-0.11496175164977696
L,TTG,-0.997623133103053
N,AAC,-1.02954526113669
P,CCG,0.535223813530306
P,CCC,0.112895592045784
Q,CAG,0.0702900194205344
R,AGG,0.46793322507739
R,CGG,-1.264943506685897
R,CGC,0.217026138240099
S,TCG,-0.39225380848447505
S,TCC,-0.269842577564716
T,ACG,-0.36112725659062495
T,ACC,-0.306042410679658
V,GTG,-0.6607328365091231
V,GTC,-0.406255292634169
Y,TAC,-0.982390353282293
Z,AGC,-0.391287726724148
