AA,Codon,Mean
A,GCG,0.7645842720121179
A,GCC,-0.785965072000027
C,TGC,-0.0455526784364619
D,GAC,-0.358906439864635
E,GAG,-0.491822852134705
F,TTC,0.0344752851467386
G,GGG,-0.07730199723243691
G,GGC,-0.767185164455573
H,CAC,-0.333708340154092
I,ATC,-0.424491784485181
K,AAG,-0.229997258726756
L,CTC,-0.41242322290211575
L,TTG,-1.35220529576937
N,AAC,-0.469430130316814
P,CCG,-0.692597792596867
P,CCC,-0.717358685278893
Q,CAG,-0.849460544061661
R,AGG,0.19882039359385803
R,CGG,-0.42061591189305214
R,CGC,-0.86824911681811
S,TCG,-0.612035186935465
S,TCC,-0.495166833583514
T,ACG,-0.258127103259166
T,ACC,-0.993318680548668
V,GTG,-1.3165243120158678
V,GTC,-0.267932271676262
Y,TAC,-0.420536540724834
Z,AGC,-0.223119192933043
