AA,Codon,Mean
A,GCG,1.5295716940085091
A,GCC,-0.0121673124034905
C,TGC,0.186087314497928
D,GAC,0.280850487499436
E,GAG,-0.00460656341625593
F,TTC,0.149518992833793
G,GGG,0.33590042682091403
G,GGC,-0.117348211998244
H,CAC,0.342103334617615
I,ATC,0.0390363238896476
K,AAG,0.114600869503121
L,CTC,0.147719720194737
L,TTG,-0.731544387114048
N,AAC,0.14273102803578
P,CCG,0.148443981944521
P,CCC,-0.0198881793974433
Q,CAG,-0.151666185765962
R,AGG,0.22820928098360693
R,CGG,0.23011424243450107
R,CGC,-0.0964770602482856
S,TCG,0.33549125885733755
S,TCC,0.0446884300323179
T,ACG,0.589149293080966
T,ACC,-0.214674409289161
V,GTG,-0.5766941619456549
V,GTC,0.308385731720924
Y,TAC,0.119466290127238
Z,AGC,0.112550742002825
