AA,Codon,Mean
A,GCG,0.033648803544040096
A,GCC,0.405212145966291
C,TGC,0.67280517869393
D,GAC,0.179219946865241
E,GAG,0.69782377581199
F,TTC,-0.12552036985904
G,GGG,0.572934476784869
G,GGC,1.15079541949431
H,CAC,-0.0523501210608908
I,ATC,0.206103294190764
K,AAG,-0.224309576870004
L,CTC,0.5322116663734111
L,TTG,0.0456718116631731
N,AAC,-0.133886015452941
P,CCG,1.4143421970307841
P,CCC,0.63643050883611
Q,CAG,0.737976020518939
R,AGG,1.003565705498308
R,CGG,-0.2501559041738599
R,CGC,1.49126201321284
S,TCG,0.20052032409509002
S,TCC,0.312684986909231
T,ACG,0.20987928493420005
T,ACC,0.291291661812862
V,GTG,-0.013119431245326996
V,GTC,0.289957665895422
Y,TAC,-0.106792915219814
Z,AGC,0.389256062026819
