AA,Codon,Mean
A,GCG,1.7496657027393572
A,GCC,0.8937835298419
C,TGC,0.465123226320744
D,GAC,1.39194292735259
E,GAG,0.684848976989587
F,TTC,0.941070205680529
G,GGG,1.6501377251688687
G,GGC,1.19237888463338
H,CAC,1.21458043745359
I,ATC,1.25166765522162
K,AAG,0.285133148554961
L,CTG,0.813657961078481
L,CTC,1.5141450503806309
L,TTG,0.259668900398413
N,AAC,0.957914094905059
P,CCG,1.478222323542834
P,CCC,1.47301806264718
Q,CAG,0.490321905857325
R,AGG,0.971862079977985
R,CGG,0.697795808044076
R,CGC,1.48410881785552
S,TCG,1.0792570208723349
S,TCC,0.881888095096747
T,ACG,1.2794515519787901
T,ACC,0.883637421091398
V,GTG,-0.37575779573519696
V,GTC,1.33196091603438
Y,TAC,0.872071107586225
Z,AGC,0.770311846788724
