AA,Codon,Mean
A,GCG,-0.5599373243610061
A,GCC,-0.631393799511592
C,TGC,-0.579573128437996
D,GAC,-0.649461551268895
E,GAG,-0.638509955545266
F,TTC,-0.588032084139188
G,GGG,-0.5356499828002531
G,GGC,-0.632508010590076
H,CAC,-0.82282764843305
I,ATC,-0.711812790632248
K,AAG,-0.47100816338261
L,CTG,-0.646929104227821
L,CTC,-0.67037371852994
L,TTG,-0.994712120095889
N,AAC,-0.661826872571309
P,CCG,-0.6276817263506693
P,CCC,-0.609699083109697
Q,CAG,-0.726692823044459
R,AGG,-0.301126102461418
R,CGG,-0.92452485019614306
R,CGC,-0.836160351161162
S,TCG,-0.755295329503218
S,TCC,-0.482858775418997
T,ACG,-0.5815305119915791
T,ACC,-0.510719292598963
V,GTG,-0.759022142743071
V,GTC,-0.471027263698975
Y,TAC,-0.792132146704197
Z,AGC,-0.522663859083255
