AA,Codon,Mean
A,GCG,0.307581914638976
A,GCC,0.305830489705006
C,TGC,0.445708901147048
D,GAC,-0.00777848935567695
E,GAG,0.3188282561481
F,TTC,-0.231993569549918
G,GGG,0.5512418983777401
G,GGC,0.442297136257092
H,CAC,-0.175912222835422
I,ATC,-0.0148680491430336
K,AAG,-0.32024671304822
L,CTG,0.304297734466195
L,CTC,0.17012505729496502
L,TTG,0.090364538380007
N,AAC,-0.219930616376797
P,CCG,0.707375337702036
P,CCC,0.791927313681444
Q,CAG,0.409876556557417
R,AGG,0.650140208419661
R,CGG,-0.4115565671285
R,CGC,0.734601959466934
S,TCG,0.168783643341064
S,TCC,-0.00813439875427733
T,ACG,0.33804706543485297
T,ACC,-0.0287596661151076
V,GTG,-0.107792745912075
V,GTC,-0.036698891770343
Y,TAC,-0.181822094273567
Z,AGC,0.116415442265819
