AA,Codon,Mean
A,GCG,1.104870593963067
A,GCC,0.194468275810281
C,TGC,0.499856357580423
D,GAC,0.784034311862787
E,GAG,0.356447102187077
F,TTC,0.677455847748121
G,GGG,0.2533087943446044
G,GGC,0.552161844493945
H,CAC,0.886376850565275
I,ATC,0.613817468365033
K,AAG,0.477754113018513
L,CTG,0.327328637425104
L,CTC,0.44313981633981514
L,TTG,-0.237768537075321
N,AAC,0.59030737354358
P,CCG,0.7023047112653651
P,CCC,0.301610095009208
Q,CAG,0.340559354966879
R,AGG,0.24940382152795804
R,CGG,0.441207334167262
R,CGC,0.931604706243674
S,TCG,0.688707367507617
S,TCC,0.495136142234008
T,ACG,0.823614515459537
T,ACC,0.41187450530529
V,GTG,-0.10231633864045098
V,GTC,0.839785617562135
Y,TAC,0.566215297249953
Z,AGC,0.574304055758317
