AA,Codon,Mean
A,GCG,-0.21139813559254003
A,GCC,-0.0980829856867591
C,TGC,-0.233863791153828
D,GAC,-0.245190883209308
E,GAG,-0.488701721473535
F,TTC,-0.385400570636988
G,GGG,0.188023966725667
G,GGC,-3.8018042644461e-4
H,CAC,-0.392982337981462
I,ATC,-0.138307447294394
K,AAG,-0.613647329545021
L,CTG,-0.371802600160738
L,CTC,-0.08528520261049302
L,TTG,-0.569174085462093
N,AAC,-0.413802126143376
P,CCG,-0.40848996930581466
P,CCC,-0.12555988065352
Q,CAG,-0.572752475476265
R,AGG,-0.2358295597394261
R,CGG,-0.08423283358414901
R,CGC,0.0901398797142009
S,TCG,-0.4171430228761092
S,TCC,-0.0938863668171068
T,ACG,-0.2550233566577232
T,ACC,-0.113436455037693
V,GTG,-0.34103778680016605
V,GTC,-0.121047584866981
Y,TAC,-0.385131872687737
Z,AGC,-0.193460709650318
