AA,Codon,Mean
A,GCG,0.5160032797918314
A,GCC,0.360125153638919
C,TGC,-0.103867166818803
D,GAC,0.250628970660766
E,GAG,0.0576837507074078
F,TTC,-0.00845597663994408
G,GGG,0.43843823417683253
G,GGC,-0.359103049522638
H,CAC,0.399108841699362
I,ATC,0.184023468162616
K,AAG,0.31629063081344
L,CTG,-0.47011263340959997
L,CTC,0.051898599326114014
L,TTG,-0.590755427447955
N,AAC,0.316889684404929
P,CCG,0.6618383221722288
P,CCC,0.449338370327155
Q,CAG,0.197093615628282
R,AGG,0.633536115489401
R,CGG,0.6099613901503289
R,CGC,-0.360804664421082
S,TCG,0.3565958984071583
S,TCC,0.507490042191744
T,ACG,0.4966244730904698
T,ACC,0.370896146055063
V,GTG,-0.319060166159272
V,GTC,0.276014856484532
Y,TAC,0.175115150009592
Z,AGC,-0.253855274591843
