DIC.LogLik	pD.LogLik.1	pD.LogLik.2	Loglik.at.posterior.mean	DIC.LogPost	pD.LogPost.1	pD.LogPost.2	LogPost.at.posterior.mean	Parameters	Samples.used
4801894.706821367	-147.47913637012243	4977.853199497987	-2395969.500211186	4859078.127653308	206.50768763013184	29398.00195903718	-2400141.061867617	5036	7500
