AA,Codon,Mean
A,GCG,1.278256448479988
A,GCC,0.803531820793947
C,TGC,0.362364948695898
D,GAC,1.01221752363443
E,GAG,0.662926240766048
F,TTC,0.459184568719069
G,GGG,0.5561649552129195
G,GGC,0.721883381537596
H,CAC,1.16822031956514
I,ATC,0.722892884528637
K,AAG,0.720209783569972
L,CTG,0.3643070245146731
L,CTC,0.819418025449914
L,TTG,-0.140526368976633
N,AAC,0.719636799542109
P,CCG,0.976486988573273
P,CCC,0.812832349121571
Q,CAG,0.613624356226126
R,AGG,0.762672075899446
R,CGG,0.459583832712969
R,CGC,0.91828686871926
S,TCG,0.884166706569989
S,TCC,0.645216298274199
T,ACG,0.799207769570748
T,ACC,0.852284357909362
V,GTG,-0.031130351253350064
V,GTC,1.20176190973918
Y,TAC,0.61868183255990306
Z,AGC,0.46236863386035
