AA,Codon,Mean
A,GCG,0.09078819984396302
A,GCC,0.0621545266139011
C,TGC,0.398185818688075
D,GAC,-0.0331211774927525
E,GAG,0.376553043440978
F,TTC,-0.337771661221981
G,GGG,0.22658187913497296
G,GGC,0.338869419344266
H,CAC,-0.349377016999324
I,ATC,-0.0642100191852699
K,AAG,-0.297294622107347
L,CTG,0.2341835562221704
L,CTC,0.14309758056600896
L,TTG,0.226206045666337
N,AAC,-0.370717072031895
P,CCG,0.47673661687026403
P,CCC,0.555178085013231
Q,CAG,0.386531975537539
R,AGG,0.7270807614525161
R,CGG,0.27222378214199994
R,CGC,0.573457493279378
S,TCG,0.267019861840208
S,TCC,-0.0151163184435614
T,ACG,0.25788372725447106
T,ACC,-0.0930343753047287
V,GTG,-0.667746505892276
V,GTC,-0.0120849358931017
Y,TAC,-0.312958687466383
Z,AGC,0.125375919644038
