AA,Codon,Mean
A,GCG,1.370089079356195
A,GCC,0.904340322975318
C,TGC,0.861991345381737
D,GAC,0.974767360635599
E,GAG,1.11087281157176
F,TTC,-0.0251674251686802
G,GGG,0.7202830306530001
G,GGC,1.32526023084323
H,CAC,0.704752581302325
I,ATC,0.663611573239168
K,AAG,0.259906941749652
L,CTG,0.673103113412853
L,CTC,1.1361440433303533
L,TTG,0.128660947731137
N,AAC,0.124922163600475
P,CCG,1.618128739488127
P,CCC,1.49474050519466
Q,CAG,1.1256194864591
R,AGG,1.683630353262029
R,CGG,0.617172127759453
R,CGC,1.45741549695333
S,TCG,1.1390366713489264
S,TCC,0.72109049321413
T,ACG,1.063271919480955
T,ACC,0.817220073711872
V,GTG,-0.8108327748139699
V,GTC,1.18442507714431
Y,TAC,0.0840830984756816
Z,AGC,0.708290773924192
