AA,Codon,Mean
A,GCG,2.0295243458270997
A,GCC,2.78101248108546
C,TGC,2.66220214482943
D,GAC,2.67932796295484
E,GAG,2.66374450742404
F,TTC,0.488796667124828
G,GGG,1.3864313059250502
G,GGC,3.87458185623487
H,CAC,2.22524702993234
I,ATC,2.36013044551214
K,AAG,1.23508448565006
L,CTG,3.585770998722311
L,CTC,2.31181935811043
L,TTG,1.28442298789422
N,AAC,2.25761325475375
P,CCG,3.443452265393738
P,CCC,2.6571411740303
Q,CAG,3.13597672820091
R,AGG,1.9510324211388799
R,CGG,2.12825451931953
R,CGC,3.09348265062968
S,TCG,2.690400055058801
S,TCC,2.19281593744755
T,ACG,2.0302029478708903
T,ACC,2.72053490414619
V,GTG,2.461012135358647
V,GTC,1.84875848928293
Y,TAC,2.00188219350179
Z,AGC,2.6811597811540002
