AA,Codon,Mean
A,GCG,-1.0558712291796999
A,GCC,-2.49887909037272
C,TGC,-2.27359654649099
D,GAC,-2.41180825581551
E,GAG,-2.11436429302692
F,TTC,-0.108344303516007
G,GGG,-1.00451995222569
G,GGC,-3.29390995257696
H,CAC,-2.08578624960581
I,ATC,-2.20400851516724
K,AAG,-1.16158669924736
L,CTG,-3.479676796641902
L,CTC,-1.6735044481744399
L,TTG,-1.84469968133767
N,AAC,-2.45924612824122
P,CCG,-2.2996672776126936
P,CCC,-1.97861643819014
Q,CAG,-2.71642997716268
R,AGG,-1.31342304613988
R,CGG,-2.054011711822949
R,CGC,-2.34041836244265
S,TCG,-2.287355451952414
S,TCC,-1.76996204325358
T,ACG,-1.32105229821206
T,ACC,-2.5866119815985402
V,GTG,-2.6757283120101234
V,GTC,-1.42473263898691
Y,TAC,-2.2521984404405
Z,AGC,-2.59593507763545
