AA,Codon,Mean
A,GCG,0.312030457290014
A,GCC,0.0138043244459675
C,TGC,0.493036083958546
D,GAC,-0.125135583355526
E,GAG,0.615432716389497
F,TTC,-0.481538624040286
G,GGG,-0.500361054050924
G,GGC,0.513514822689692
H,CAC,-0.267719912847877
I,ATC,-0.190050706770023
K,AAG,-0.264805902208885
L,CTG,0.27403413063685095
L,CTC,0.128452901530266
L,TTG,-0.126751932254434
N,AAC,-0.423073796478907
P,CCG,0.866432886135578
P,CCC,0.346910406090816
Q,CAG,0.620387243167559
R,AGG,0.9453413748866566
R,CGG,-0.44363546961943
R,CGC,0.675538242264589
S,TCG,0.09840828258991197
S,TCC,-0.0513734503082931
T,ACG,0.44015464210907596
T,ACC,-0.0816742828965187
V,GTG,-0.11729171977639202
V,GTC,-0.133042018690209
Y,TAC,-0.408435641735792
Z,AGC,0.0823927472141882
