AA,Codon,Mean
A,GCG,1.809431197874741
A,GCC,0.988257787473997
C,TGC,0.888153133575122
D,GAC,1.71968342119853
E,GAG,1.08591346506278
F,TTC,1.07848674179713
G,GGG,0.718233156171938
G,GGC,0.994202223801613
H,CAC,1.79228386620681
I,ATC,1.21159160851638
K,AAG,1.1050021008571
L,CTG,0.9585985909452011
L,CTC,1.2910466220458399
L,TTG,0.966965334292253
N,AAC,1.59202613436381
P,CCG,1.659687836029133
P,CCC,1.03643767149846
Q,CAG,1.26723141287168
R,AGG,1.078088989411298
R,CGG,1.43828540041347
R,CGC,1.41361946697235
S,TCG,1.5123545906474138
S,TCC,1.07716974215507
T,ACG,1.497691824498773
T,ACC,1.21915866369406
V,GTG,0.8035020171644788
V,GTC,1.2330377373298
Y,TAC,1.61274516595999
Z,AGC,1.03034420438608
