AA,Codon,Mean
A,GCG,1.423253814274318
A,GCC,0.157356773251295
C,TGC,-0.0361264122087027
D,GAC,0.509137885691722
E,GAG,-0.064268053849029
F,TTC,0.515887290805578
G,GGG,0.680037008214994
G,GGC,-0.137507052609387
H,CAC,1.00641646914085
I,ATC,0.31351730547448
K,AAG,0.0587074300913514
L,CTC,0.30592483985424
L,TTG,-0.292865334077676
N,AAC,0.769965544903278
P,CCG,0.011467780520049403
P,CCC,-0.250504469400644
Q,CAG,-0.207288318757713
R,AGG,-0.007456577142080034
R,CGG,0.3948496378541
R,CGC,-0.00182127275900714
S,TCG,0.150676064610481
S,TCC,0.0421733187881115
T,ACG,0.322537781078049
T,ACC,0.167278837363422
V,GTG,-0.196371059059289
V,GTC,0.630987014651298
Y,TAC,0.643812051053842
Z,AGC,0.22821078612407
