AA,Codon,Mean
A,GCG,0.71878118816217
A,GCC,0.677095934259892
C,TGC,1.47358758725325
D,GAC,0.811786847960949
E,GAG,1.72864858564536
F,TTC,-0.163367528829972
G,GGG,-0.13494158287842994
G,GGC,1.83490916237831
H,CAC,0.234062887743115
I,ATC,0.490569312214851
K,AAG,0.88710804648002
L,CTC,0.9147533885677679
L,TTG,0.773404242769877
N,AAC,0.318445601590474
P,CCG,1.816824784704045
P,CCC,1.40276437735558
Q,CAG,1.87222506287098
R,AGG,1.975056240768481
R,CGG,0.58970308246613
R,CGC,1.95764789040089
S,TCG,0.9873181382656049
S,TCC,0.758860735992591
T,ACG,0.85590632741451
T,ACC,0.467322906072934
V,GTG,0.27279056376615984
V,GTC,0.668199120398362
Y,TAC,0.172457559169829
Z,AGC,0.964056510198116
