DIC.LogLik	pD.LogLik.1	pD.LogLik.2	Loglik.at.posterior.mean	DIC.LogPost	pD.LogPost.1	pD.LogPost.2	LogPost.at.posterior.mean	Parameters	Samples.used
5412998.830630293	-923.221565107815	5687.571142570096	-2700811.8441725764	5445453.9690057915	-495.5542571982369	17008.316809341253	-2705718.6676935544	5721	7500
