AA,Codon,Mean
A,GCG,0.838434318294127
A,GCC,0.42052265663147
C,TGC,0.40778728560408
D,GAC,0.543510761070251
E,GAG,0.103337296445171
F,TTC,-0.0845421599922081
G,GGG,0.28866520355361
G,GGC,0.337297660793861
H,CAC,0.481593276512623
I,ATC,-0.0293532069456608
K,AAG,-0.340108682350318
L,CTG,-0.44343162030891214
L,CTC,0.053128955276807055
L,TTG,-0.503955484791597
N,AAC,-0.0244149577510324
P,CCG,0.7214615137994289
P,CCC,0.449661295894782
Q,CAG,-0.162256371242801
R,AGG,0.05829982705116388
R,CGG,0.0630256352699197
R,CGC,0.772604405987263
S,TCG,0.3962479591817775
S,TCC,0.407154452570279
T,ACG,0.3872906617164788
T,ACC,0.317208260585864
V,GTG,-0.6528338084882453
V,GTC,0.724769751222928
Y,TAC,0.132733870799343
Z,AGC,0.0768387078532328
