AA,Codon,Mean
A,GCG,0.27528709682215646
A,GCC,-0.128499796894193
C,TGC,0.128265689454135
D,GAC,-0.0758538620367646
E,GAG,-0.61178158899943
F,TTC,-0.545073627956708
G,GGG,-0.1287766972169429
G,GGC,-0.27357917264998
H,CAC,-0.143716505346696
I,ATC,-0.611608387565613
K,AAG,-1.06382712014516
L,CTG,-1.184266127747297
L,CTC,-0.5403717920750379
L,TTG,-1.09400389862855
N,AAC,-0.818785719271501
P,CCG,0.3492886157027149
P,CCC,0.129118150206593
Q,CAG,-0.804801033643881
R,AGG,-0.09580355148712005
R,CGG,-0.4308686435871282
R,CGC,0.581706345842282
S,TCG,-0.26560402904152897
S,TCC,-0.130696984260778
T,ACG,-0.288838725473483
T,ACC,-0.311199265678724
V,GTG,-1.447849828763803
V,GTC,0.330474593327443
Y,TAC,-0.448984896872441
Z,AGC,-0.472376865353187
