AA,Codon,Mean
A,GCG,0.301532646622261
A,GCC,0.157040543008844
C,TGC,0.505423513875405
D,GAC,0.0133746960938584
E,GAG,-0.039182949411124
F,TTC,-0.122809579699735
G,GGG,0.505144115626814
G,GGC,0.671755095267296
H,CAC,-0.242882924056053
I,ATC,0.0373575633166979
K,AAG,-0.197300119399031
L,CTG,-0.15169216684500397
L,CTC,0.18272928490589102
L,TTG,-0.516016843314966
N,AAC,-0.305566481731335
P,CCG,0.855368446900447
P,CCC,1.12237236150503
Q,CAG,0.421291923290491
R,AGG,1.3443472372038956
R,CGG,0.22152253457704996
R,CGC,0.652098628803094
S,TCG,0.339578874991338
S,TCC,0.0530884185016155
T,ACG,0.462424671187003
T,ACC,0.0137273784086843
V,GTG,-0.28055205672581995
V,GTC,0.0115106215690476
Y,TAC,-0.261391921406984
Z,AGC,0.268515091531475
