AA,Codon,Mean
A,GCG,0.13788565492828697
A,GCC,0.0521729954500993
C,TGC,0.385468945125739
D,GAC,-0.108095889563859
E,GAG,-0.173276624244452
F,TTC,-0.204673406854272
G,GGG,0.3610034711043001
G,GGC,0.444602599225442
H,CAC,-0.369382449201743
I,ATC,-0.0741912478295465
K,AAG,-0.348184711629152
L,CTG,-0.36845034179886105
L,CTC,0.03342567573587102
L,TTG,-0.638920182240009
N,AAC,-0.488011596604188
P,CCG,0.681759740245342
P,CCC,1.0025373556455
Q,CAG,0.234723151230812
R,AGG,1.2335510550765982
R,CGG,0.04291060700416982
R,CGC,0.541138050822417
S,TCG,0.142179723834992
S,TCC,-0.0449578125034769
T,ACG,0.257504524521033
T,ACC,-0.0918217153042555
V,GTG,-0.48768833390077004
V,GTC,-0.0517489023317893
Y,TAC,-0.377626118598382
Z,AGC,0.106564224347224
