AA,Codon,Mean
A,GCG,0.782980577667554
A,GCC,0.32034204360644
C,TGC,0.427077252844969
D,GAC,0.44449566702644
E,GAG,-0.00451559556236714
F,TTC,-0.177273559559385
G,GGG,0.2791062516979874
G,GGC,0.322739631515741
H,CAC,0.35863251871268
I,ATC,-0.125772953343888
K,AAG,-0.440777781885862
L,CTG,-0.57222800495983
L,CTC,-0.003831239946682996
L,TTG,-0.597140200610956
N,AAC,-0.122772900090118
P,CCG,0.773025041828552
P,CCC,0.50317955742081
Q,CAG,-0.182316583552957
R,AGG,0.16648951669533785
R,CGG,0.019230927370985973
R,CGC,0.829523108824094
S,TCG,0.3609360173390553
S,TCC,0.332583420604467
T,ACG,0.34739524760320795
T,ACC,0.215646950476368
V,GTG,-0.7769668311834144
V,GTC,0.644374403532346
Y,TAC,0.0170651791463632
Z,AGC,0.0476225209232953
