DIC.LogLik	pD.LogLik.1	pD.LogLik.2	Loglik.at.posterior.mean	DIC.LogPost	pD.LogPost.1	pD.LogPost.2	LogPost.at.posterior.mean	Parameters	Samples.used
5165045.105583896	-1153.4657083973289	5355.908075626878	-2577166.644716321	5204163.64943886	-446.67597122862935	20279.475551301053	-2581802.349168129	5541	7500
