AA,Codon,Mean
A,GCG,1.6974930451522248
A,GCC,0.901725542676449
C,TGC,0.666082144200802
D,GAC,0.734513645307223
E,GAG,0.653720568593343
F,TTC,0.139199846714238
G,GGG,1.665056702807545
G,GGC,1.33102595775127
H,CAC,0.730443970259031
I,ATC,0.627836749303341
K,AAG,-0.0832010777297119
L,CTC,0.816383728319408
L,TTG,-0.304181165335576
N,AAC,0.373944227612019
P,CCG,2.067886800634862
P,CCC,1.09723753870328
Q,CAG,0.957884371773402
R,AGG,1.161025053025285
R,CGG,0.927219997785488
R,CGC,1.27919592179457
S,TCG,0.9398707779235377
S,TCC,0.790525909137726
T,ACG,1.018037489126122
T,ACC,0.677771520495415
V,GTG,-0.05886100625197099
V,GTC,0.817857888933023
Y,TAC,0.242675962462028
Z,AGC,0.599327043229341
