AA,Codon,Mean
A,GCG,-0.9531133323252179
A,GCC,-1.17930620968342
C,TGC,-0.616713349751631
D,GAC,-1.13030394552549
E,GAG,-0.523558097062508
F,TTC,-0.179979837649564
G,GGG,-0.895511833624042
G,GGC,-1.56815317018827
H,CAC,-0.983985437059402
I,ATC,-0.739072379787763
K,AAG,-0.241102173878749
L,CTC,-0.838548159670829
L,TTG,-1.5397300673008
N,AAC,-0.796557294261455
P,CCG,-1.6963353931554548
P,CCC,-1.28525629587968
Q,CAG,-1.04548808076779
R,AGG,-0.1302078819996332
R,CGG,-1.0324378448903548
R,CGC,-1.29355595357418
S,TCG,-1.770720410158232
S,TCC,-1.01547504972617
T,ACG,-0.9995789239267511
T,ACC,-1.36267258253098
V,GTG,-1.215688180213278
V,GTC,-0.662960066231092
Y,TAC,-0.911650340465705
Z,AGC,-0.886722972754637
