AA,Codon,Mean
A,GCG,0.1360393205352837
A,GCC,-0.100592891416947
C,TGC,0.148378095130126
D,GAC,-0.400638777683179
E,GAG,-0.147288406653702
F,TTC,0.0101994984304901
G,GGG,0.611662404517942
G,GGC,-0.501330266988277
H,CAC,0.0748875935256481
I,ATC,0.0750955601193011
K,AAG,-0.340455342561007
L,CTG,-1.194252062618733
L,CTC,-0.43438117501139606
L,TTG,-1.30832246655623
N,AAC,-0.522736720108986
P,CCG,-0.004696088081605897
P,CCC,0.0375150842139187
Q,CAG,-0.419427072203159
R,AGG,0.5399419727100061
R,CGG,0.05660605428218901
R,CGC,-0.394419250158469
S,TCG,-0.425018004376503
S,TCC,0.190289634793003
T,ACG,0.012705049131313984
T,ACC,-0.164479389908413
V,GTG,-1.464981290459633
V,GTC,-0.197258867158492
Y,TAC,-0.531253526192904
Z,AGC,-0.0483010341743987
