AA,Codon,Mean
A,GCG,0.11705793936649989
A,GCC,-0.150141195283333
C,TGC,-0.18600353003641
D,GAC,-0.214067666405439
E,GAG,-0.978609644110997
F,TTC,-0.432449020330111
G,GGG,1.5075971189657809
G,GGC,0.208442867443959
H,CAC,-0.603684463612239
I,ATC,-0.156378712589542
K,AAG,-1.30939910193284
L,CTG,-0.982700225059285
L,CTC,-0.11774101272423998
L,TTG,-1.08061314301888
N,AAC,-0.952907653260231
P,CCG,-0.1201343404452
P,CCC,-0.363673787411054
Q,CAG,-1.12982793729305
R,AGG,1.4934184877077792
R,CGG,1.1639603191303982
R,CGC,1.18453786511421
S,TCG,-0.5106037948211061
S,TCC,-0.138804825808605
T,ACG,0.24115486884912007
T,ACC,-0.290518246181806
V,GTG,-0.6666706844766899
V,GTC,-0.118017929453651
Y,TAC,-0.916044890435537
Z,AGC,-0.534367714627584
