AA,Codon,Mean
A,GCG,0.5843778859643884
A,GCC,0.25937793161869
C,TGC,0.134600943171978
D,GAC,0.363766560560465
E,GAG,-0.0330313947241773
F,TTC,0.123238100609183
G,GGG,0.586422140991688
G,GGC,0.157273530275623
H,CAC,0.355254383975267
I,ATC,0.132235296912988
K,AAG,0.00836405564501031
L,CTG,-0.7960602216765993
L,CTC,0.246165585571527
L,TTG,-0.944604648113251
N,AAC,0.0722843069026868
P,CCG,0.19771273479522644
P,CCC,0.24070990678966
Q,CAG,-0.329951247902711
R,AGG,0.285634945766135
R,CGG,0.34442537854711297
R,CGC,-0.105827040200184
S,TCG,0.051371137322113195
S,TCC,0.328629801398516
T,ACG,0.240082799656689
T,ACC,0.116383814327419
V,GTG,-1.0356357919116819
V,GTC,0.619317614467939
Y,TAC,0.14102062501212
Z,AGC,0.119079847183824
