AA,Codon,Mean
A,GCG,0.734721565272407
A,GCC,0.290155671465397
C,TGC,0.459784471140305
D,GAC,0.226754116662343
E,GAG,-0.109040265449385
F,TTC,-0.00866167737425079
G,GGG,1.0897114660631129
G,GGC,0.663211738681793
H,CAC,0.109359537342253
I,ATC,0.147866054671009
K,AAG,-0.270124422672391
L,CTG,-1.024618808141354
L,CTC,0.28993412102858207
L,TTG,-1.35021054841677
N,AAC,-0.213171289524436
P,CCG,1.016889586339394
P,CCC,0.508910898367564
Q,CAG,-0.236303896426161
R,AGG,0.8982731589724136
R,CGG,-0.14077167528470402
R,CGC,0.462388997109731
S,TCG,-0.0016017688691609688
S,TCC,0.347733565447728
T,ACG,0.365752228605748
T,ACC,0.0806585451919585
V,GTG,-1.048238733614985
V,GTC,0.560054150263468
Y,TAC,-0.0878695595254811
Z,AGC,0.317960925288995
