AA,Codon,Mean
A,GCG,-0.04411015667517998
A,GCC,-0.0991380020196239
C,TGC,0.131708887563646
D,GAC,-0.166542289503415
E,GAG,-0.192291302624345
F,TTC,-0.224853973206878
G,GGG,0.47523362282216597
G,GGC,0.219290287246307
H,CAC,-0.308391464990377
I,ATC,-0.159810637143254
K,AAG,-0.481244719511271
L,CTG,-0.401858813561003
L,CTC,-0.05906106538598779
L,TTG,-0.531420161386331
N,AAC,-0.407100476026535
P,CCG,0.591405703376234
P,CCC,0.139733843078216
Q,CAG,-0.0549084004860371
R,AGG,0.43937478402406416
R,CGG,-0.75242166775862
R,CGC,0.330617259112994
S,TCG,-0.25226293887049
S,TCC,-0.0875774242021143
T,ACG,-0.065824173085888
T,ACC,-0.139300970693429
V,GTG,-0.36136706491013404
V,GTC,-0.0783125858428578
Y,TAC,-0.392229921108484
Z,AGC,-0.0794070992975185
