DIC.LogLik	pD.LogLik.1	pD.LogLik.2	Loglik.at.posterior.mean	DIC.LogPost	pD.LogPost.1	pD.LogPost.2	LogPost.at.posterior.mean	Parameters	Samples.used
4814358.263958838	-1781.6806543236598	5558.237027130364	-2401620.8949522884	4849791.748376818	-1288.8243628256023	18535.138693793127	-2406360.735494616	5443	7500
