DIC.LogLik	pD.LogLik.1	pD.LogLik.2	Loglik.at.posterior.mean	DIC.LogPost	pD.LogPost.1	pD.LogPost.2	LogPost.at.posterior.mean	Parameters	Samples.used
5032031.522923447	-1130.4011887824163	5171.147478346493	-2510844.613983377	5076126.5197263025	-768.6302900835872	25041.342897977527	-2513021.9169651736	5202	7500
