DIC.LogLik	pD.LogLik.1	pD.LogLik.2	Loglik.at.posterior.mean	DIC.LogPost	pD.LogPost.1	pD.LogPost.2	LogPost.at.posterior.mean	Parameters	Samples.used
5092746.993365926	-311.0597433503717	6532.5403921591	-2539840.956290804	5172225.76714446	33.97290478460491	45724.53674071796	-2540388.346831512	6237	7500
