DIC.LogLik	pD.LogLik.1	pD.LogLik.2	Loglik.at.posterior.mean	DIC.LogPost	pD.LogPost.1	pD.LogPost.2	LogPost.at.posterior.mean	Parameters	Samples.used
5454766.838673488	-2293.60215854086	5037.490262872844	-2722345.929073871	5503586.535012189	-1981.8439844390377	25173.580840466893	-2726619.6866656276	5098	7500
