DIC.LogLik	pD.LogLik.1	pD.LogLik.2	Loglik.at.posterior.mean	DIC.LogPost	pD.LogPost.1	pD.LogPost.2	LogPost.at.posterior.mean	Parameters	Samples.used
7940101.569162324	-1567.5384054314345	8949.848116383324	-3961100.9364647786	8032930.511063901	-72.5179079901427	49061.6824240568	-3967403.5731078936	8777	7500
