DIC.LogLik	pD.LogLik.1	pD.LogLik.2	Loglik.at.posterior.mean	DIC.LogPost	pD.LogPost.1	pD.LogPost.2	LogPost.at.posterior.mean	Parameters	Samples.used
5241866.452464198	-867.6820922289044	5073.032191520295	-2615860.194040579	5286355.218177455	-435.9667563261464	24245.6486685051	-2618931.960420222	5202	7500
