DIC.LogLik	pD.LogLik.1	pD.LogLik.2	Loglik.at.posterior.mean	DIC.LogPost	pD.LogPost.1	pD.LogPost.2	LogPost.at.posterior.mean	Parameters	Samples.used
5512409.113187069	-168.54384390544146	5087.456686031673	-2751117.099907503	5574160.633088331	298.6833979021758	34056.91062629555	-2753023.40591787	5051	7500
