AA,Codon,Mean
A,GCG,0.8399502809375528
A,GCC,0.542711085281769
C,TGC,0.268919898634156
D,GAC,0.693729026544094
E,GAG,0.271605501059691
F,TTC,0.450957445764542
G,GGG,0.6385307067990522
G,GGC,0.462642147485415
H,CAC,0.789484942511718
I,ATC,0.645202235150337
K,AAG,0.256388695604602
L,CTG,0.03803863515754602
L,CTC,0.606763140578071
L,TTG,-0.121427700776607
N,AAC,0.735977020947138
P,CCG,0.7939490801915897
P,CCC,0.669444409147898
Q,CAG,0.162832141742607
R,AGG,0.468494179066643
R,CGG,0.497945126064122
R,CGC,0.306062898615003
S,TCG,0.5774073653006746
S,TCC,0.587599937323729
T,ACG,0.68252019132773
T,ACC,0.447021693795919
V,GTG,0.038891299994785994
V,GTC,0.61826025749445
Y,TAC,0.649858275647958
Z,AGC,0.314856058724721
