AA,Codon,Mean
A,GCG,0.8471145622740189
A,GCC,0.574367118450006
C,TGC,0.31599694117705
D,GAC,0.747646779334545
E,GAG,0.301620276355743
F,TTC,0.598193482287725
G,GGG,0.5267242878191909
G,GGC,0.444709822171927
H,CAC,0.893711504594485
I,ATC,0.739199332547188
K,AAG,0.354031241075198
L,CTG,0.09396426134407498
L,CTC,0.64639259714981
L,TTG,0.0141899209427393
N,AAC,0.888394737283389
P,CCG,0.8126645205248146
P,CCC,0.734040660790602
Q,CAG,0.232049868560831
R,AGG,0.499916700248917
R,CGG,0.4594312534437474
R,CGC,0.318569960689545
S,TCG,0.6141690857093468
S,TCC,0.645662272453308
T,ACG,0.672355963636438
T,ACC,0.472552338409424
V,GTG,0.024776735504468017
V,GTC,0.673122907026609
Y,TAC,0.769689784193039
Z,AGC,0.324299932177862
