AA,Codon,Mean
A,GCG,-0.10447152531668538
A,GCC,-0.084789358154436
C,TGC,-0.176909677701692
D,GAC,-0.168102275464932
E,GAG,-0.283030436741312
F,TTC,-0.366014950621128
G,GGG,0.111821899774671
G,GGC,0.01764388117177
H,CAC,-0.276538337960839
I,ATC,-0.167827567878366
K,AAG,-0.496314184260368
L,CTG,-0.3252000744122387
L,CTC,-0.0711784796642765
L,TTG,-0.630473065471649
N,AAC,-0.316691628785928
P,CCG,-0.055198619448145206
P,CCC,-0.0505613055661321
Q,CAG,-0.339612493453423
R,AGG,-0.16481684847076705
R,CGG,-0.251685201967756
R,CGC,0.0696589080194632
S,TCG,-0.2405899066469238
S,TCC,-0.0467730190886805
T,ACG,-0.1766710603589814
T,ACC,-0.119934614919623
V,GTG,-0.1954624347696699
V,GTC,-0.105994513459007
Y,TAC,-0.278579115315278
Z,AGC,-0.123284706145525
