DIC.LogLik	pD.LogLik.1	pD.LogLik.2	Loglik.at.posterior.mean	DIC.LogPost	pD.LogPost.1	pD.LogPost.2	LogPost.at.posterior.mean	Parameters	Samples.used
6200066.951465094	-2284.638760975562	6033.350116318865	-3094000.125616228	6249750.106084143	-1764.5049474798143	25974.282649482622	-3098900.770392589	6039	7500
