AA,Codon,Mean
A,GCG,0.26084585058092996
A,GCC,0.013756761487002
C,TGC,0.214695675605536
D,GAC,-0.17555134524405
E,GAG,-0.146476323329409
F,TTC,-0.258955895993114
G,GGG,0.42921241390506404
G,GGC,0.397761081685623
H,CAC,-0.292738433255752
I,ATC,-0.0732345411362747
K,AAG,-0.28819631451567
L,CTG,-0.25142895230526685
L,CTC,0.041298598321776014
L,TTG,-0.24506597507894
N,AAC,-0.322899537108342
P,CCG,0.4975192666935429
P,CCC,0.210829855838418
Q,CAG,0.0347361196463307
R,AGG,0.5033144452974203
R,CGG,0.306464692147576
R,CGC,0.361800187303623
S,TCG,-0.022990370893477996
S,TCC,-0.0170513601965757
T,ACG,0.08773924707372999
T,ACC,-0.0640076136859755
V,GTG,-0.10814424186348903
V,GTC,-0.0524880768147608
Y,TAC,-0.29386452759703
Z,AGC,0.0482688828833944
