AA,Codon,Mean
A,GCG,1.0707371902159317
A,GCC,0.478344985065858
C,TGC,0.337574852110942
D,GAC,0.635427214455605
E,GAG,0.517874308329821
F,TTC,0.541679076580207
G,GGG,0.772441537894806
G,GGC,0.420696474915743
H,CAC,0.726223648031553
I,ATC,0.523215018874407
K,AAG,0.330168863411744
L,CTG,-0.026546853959561023
L,CTC,0.6783315596481161
L,TTG,-0.284177272554239
N,AAC,0.396332205722729
P,CCG,0.9352276026834115
P,CCC,0.467211490513881
Q,CAG,0.389937322787444
R,AGG,0.534679334978259
R,CGG,0.668133157132069
R,CGC,0.70004579928716
S,TCG,0.8032695186698808
S,TCC,0.4195761363705
T,ACG,0.7578766220670964
T,ACC,0.493940808790922
V,GTG,-0.117457156074047
V,GTC,0.644078359818459
Y,TAC,0.309254179726044
Z,AGC,0.385926374171178
