AA,Codon,Mean
A,GCG,0.5195660541295981
A,GCC,-0.21824787201484
C,TGC,-1.39785310867627
D,GAC,-1.11688358521064
E,GAG,-1.46156415445805
F,TTC,0.631931777095795
G,GGG,-0.23223922446866796
G,GGC,-1.13324143908024
H,CAC,-1.20256629424095
I,ATC,-0.22523855993102
K,AAG,-0.908610074488322
L,CTC,-0.75427925300797
L,TTG,-1.91969117949804
N,AAC,-0.970181528719266
P,CCG,-0.14278135284582805
P,CCC,-0.413194386163354
Q,CAG,-1.64320153577328
R,AGG,-0.3490293070872601
R,CGG,-0.49892748333215803
R,CGC,-1.33431151208878
S,TCG,-0.9548485962683949
S,TCC,-0.28844943741262
T,ACG,0.5381371967335571
T,ACC,-0.334416065839926
V,GTG,-0.969000425875435
V,GTC,0.0625200486904678
Y,TAC,-1.33040645303726
Z,AGC,-1.23127603390217
