AA,Codon,Mean
A,GCG,1.8173742849509
A,GCC,0.961621933996677
C,TGC,3.2409926976045
D,GAC,2.47388645253181
E,GAG,3.00764766724904
F,TTC,0.128404202204694
G,GGG,0.911624046838282
G,GGC,2.92740139222145
H,CAC,2.39343131254514
I,ATC,1.35730162259738
K,AAG,1.99657154836655
L,CTC,2.3307955094769617
L,TTG,2.0420372205019
N,AAC,1.96797970972856
P,CCG,2.3162370097088347
P,CCC,1.53330373456478
Q,CAG,3.46539372603099
R,AGG,2.428712397669389
R,CGG,2.100894025340679
R,CGC,3.61521429460843
S,TCG,2.421103573910143
S,TCC,1.12335658066273
T,ACG,1.0910885316610401
T,ACC,1.10769852222999
V,GTG,0.959826240257421
V,GTC,1.15165272504489
Y,TAC,2.41021944890022
Z,AGC,2.69514528476397
