AA,Codon,Mean
A,GCG,1.3652076891620961
A,GCC,0.512733032304049
C,TGC,0.507691909784079
D,GAC,0.836532726550102
E,GAG,0.322116096373399
F,TTC,0.696182026127974
G,GGG,0.4623594090459178
G,GGC,0.677534032070637
H,CAC,0.705634876982371
I,ATC,0.65352129809459
K,AAG,0.337668777859211
L,CTC,0.6107482149283099
L,TTG,-0.693779583450158
N,AAC,0.630184477265676
P,CCG,1.027112190496922
P,CCC,0.299815031850338
Q,CAG,0.856495498927434
R,AGG,0.545647065057357
R,CGG,1.20581008981665
R,CGC,0.581206577601035
S,TCG,0.6978426568267865
S,TCC,0.222249618076285
T,ACG,0.840874718544881
T,ACC,0.438563538110256
V,GTG,-0.37041072732259794
V,GTC,0.858617309995492
Y,TAC,0.303047990002235
Z,AGC,0.598046351424853
