AA,Codon,Mean
A,GCG,0.23941907366315496
A,GCC,0.0569034608349204
C,TGC,0.247227530735731
D,GAC,-0.0353594406972329
E,GAG,0.223548905514677
F,TTC,-0.0873292432382703
G,GGG,0.333730960009496
G,GGC,0.271317326552669
H,CAC,-0.164156422429283
I,ATC,-0.0233139131962632
K,AAG,-0.0662164654138188
L,CTC,0.109242108141382
L,TTG,-0.121917257050673
N,AAC,-0.132026292605201
P,CCG,0.5346019749919579
P,CCC,0.156483489777148
Q,CAG,0.35833739263018
R,AGG,0.3879700797533
R,CGG,-0.013288235477606936
R,CGC,0.394183234806856
S,TCG,0.23158923084139832
S,TCC,0.0310092485647852
T,ACG,0.21757900895078996
T,ACC,-5.3628788934093e-4
V,GTG,0.05947312115033504
V,GTC,0.00859591968949574
Y,TAC,-0.111227320472399
Z,AGC,0.0495188336195172
