AA,Codon,Mean
A,GCG,1.4946240060499338
A,GCC,0.695923898760478
C,TGC,0.956009039429824
D,GAC,0.96289121234417
E,GAG,0.641218196137746
F,TTC,0.596835971403122
G,GGG,0.9026888084967961
G,GGC,1.2852948176384
H,CAC,0.672795142551263
I,ATC,0.772099812865257
K,AAG,0.310625347880522
L,CTC,0.85633874406815
L,TTG,-0.793325084145864
N,AAC,0.574374145770073
P,CCG,1.6068652710080151
P,CCC,0.450902890648445
Q,CAG,1.29249473605156
R,AGG,1.122017405770456
R,CGG,1.129079176474611
R,CGC,1.34022588013808
S,TCG,0.909907971317073
S,TCC,0.322214825391769
T,ACG,1.0263531673111062
T,ACC,0.622402653503418
V,GTG,-0.36873972548643685
V,GTC,1.08662225197951
Y,TAC,0.243924464763204
Z,AGC,0.900914014013608
