DIC.LogLik	pD.LogLik.1	pD.LogLik.2	Loglik.at.posterior.mean	DIC.LogPost	pD.LogPost.1	pD.LogPost.2	LogPost.at.posterior.mean	Parameters	Samples.used
5758213.132402103	-2531.287799785845	5633.025827308692	-2873473.540373743	5804192.465599066	-2322.8995261266828	23698.625274505484	-2878397.6075250274	6013	7500
