AA,Codon,Mean
A,GCG,1.197485553801059
A,GCC,0.360962897227208
C,TGC,0.566711351644993
D,GAC,0.907732972462972
E,GAG,0.485875076148907
F,TTC,0.727156530590852
G,GGG,0.3885943238136671
G,GGC,0.700384329803785
H,CAC,0.950912355347474
I,ATC,0.681130264397462
K,AAG,0.543104489330451
L,CTG,0.41870264445940697
L,CTC,0.662161522432164
L,TTG,-0.155480764027933
N,AAC,0.653392699948947
P,CCG,0.8280174596259999
P,CCC,0.467133696975311
Q,CAG,0.4513870834589
R,AGG,0.332909574266275
R,CGG,0.638646556155881
R,CGC,1.06909386739731
S,TCG,0.800589798076948
S,TCC,0.584259088603655
T,ACG,0.937022951610883
T,ACC,0.491742571445306
V,GTG,0.02612522121667893
V,GTC,0.949950943175952
Y,TAC,0.644155335040887
Z,AGC,0.632743050026894
