AA,Codon,Mean
A,GCG,0.31330699793001
A,GCC,0.334324856255452
C,TGC,0.436610494073232
D,GAC,0.0341340493503337
E,GAG,0.337089509477218
F,TTC,-0.19604259224534001
G,GGG,0.5230478346188829
G,GGC,0.455159094248215
H,CAC,-0.145338772258162
I,ATC,0.0144714770699697
K,AAG,-0.269766017395258
L,CTG,0.301379736489057
L,CTC,0.198683749082684
L,TTG,0.124724270746112
N,AAC,-0.178445849529902
P,CCG,0.691999472781022
P,CCC,0.772083932002385
Q,CAG,0.415121527171135
R,AGG,0.63871136559546
R,CGG,-0.49186394482056695
R,CGC,0.688220988007387
S,TCG,0.19141081997354797
S,TCC,0.0301792297809695
T,ACG,0.344008075873057
T,ACC,0.00901910503193318
V,GTG,-0.1082957631429039
V,GTC,6.0614885030111e-4
Y,TAC,-0.137695125935972
Z,AGC,0.120880690254023
