AA,Codon,Mean
A,GCG,0.8707470847169549
A,GCC,-0.28569848707219
C,TGC,0.370791861894727
D,GAC,0.214111319427689
E,GAG,-0.116177810635169
F,TTC,0.331577524880568
G,GGG,0.012442754613359974
G,GGC,0.164289076837897
H,CAC,0.581906171528498
I,ATC,0.262732545493046
K,AAG,-0.0372800698626631
L,CTG,0.06578152652978897
L,CTC,-0.17927839203278206
L,TTG,-0.723412048919996
N,AAC,0.167518633585672
P,CCG,0.465947698026896
P,CCC,-0.035831064613344
Q,CAG,0.0403512678471682
R,AGG,0.09829876421689998
R,CGG,0.014427238077049986
R,CGC,0.746371282982826
S,TCG,0.2463759945815825
S,TCC,0.0885542758729309
T,ACG,0.5082150231908801
T,ACC,0.0455079682792042
V,GTG,-0.5378141107583395
V,GTC,0.400501955115795
Y,TAC,0.123934251473347
Z,AGC,0.363021639728546
