AA,Codon,Mean
A,GCG,1.246669372248649
A,GCC,1.04248697969913
C,TGC,0.319677010448774
D,GAC,1.14816817565759
E,GAG,0.222977033233643
F,TTC,0.178080739881595
G,GGG,0.3773431435956932
G,GGC,0.684411680722237
H,CAC,0.860589974669615
I,ATC,0.298270283242067
K,AAG,0.488061056331793
L,CTC,0.1806281349738399
L,TTG,-0.412184448063374
N,AAC,0.951520782995224
P,CCG,1.069509411383669
P,CCC,0.526168684881926
Q,CAG,0.297883499470353
R,AGG,0.5909778001308501
R,CGG,0.24279475382367793
R,CGC,0.274734808215499
S,TCG,0.9675218585729599
S,TCC,0.403810030666987
T,ACG,0.9567397833486391
T,ACC,0.927017803740501
V,GTG,-0.43956735028689753
V,GTC,0.923073076995214
Y,TAC,0.680835695385933
Z,AGC,0.554017787069082
