AA,Codon,Mean
A,GCG,0.36832801444530894
A,GCC,0.179033260781566
C,TGC,0.936520749354362
D,GAC,0.248505664014816
E,GAG,0.863335067915916
F,TTC,-0.17888509059449
G,GGG,0.16659172459840998
G,GGC,0.919019500553608
H,CAC,0.160102568665644
I,ATC,0.0592927020234366
K,AAG,0.164538173722227
L,CTC,0.6167546870133078
L,TTG,0.488119879416625
N,AAC,-0.140690936621527
P,CCG,1.030251592873533
P,CCC,0.916300997285048
Q,CAG,0.925488439170519
R,AGG,1.215503293279805
R,CGG,0.72112661731243
R,CGC,1.30749360958735
S,TCG,0.646526051296791
S,TCC,0.244979093399644
T,ACG,0.7637637692451469
T,ACC,0.087542025218159
V,GTG,0.07406661492585997
V,GTC,0.106982717773815
Y,TAC,-0.094849712433666
Z,AGC,0.538511629046996
