DIC.LogLik	pD.LogLik.1	pD.LogLik.2	Loglik.at.posterior.mean	DIC.LogPost	pD.LogPost.1	pD.LogPost.2	LogPost.at.posterior.mean	Parameters	Samples.used
4721439.077139334	-1413.3642933489755	4959.939315164549	-2355759.5992545024	4759976.459916106	-966.2677632635459	20239.200209762817	-2359749.0297482903	4806	7500
