DIC.LogLik	pD.LogLik.1	pD.LogLik.2	Loglik.at.posterior.mean	DIC.LogPost	pD.LogPost.1	pD.LogPost.2	LogPost.at.posterior.mean	Parameters	Samples.used
5025899.151601789	-525.4352869661525	6175.3043799871775	-2506774.271420907	5044952.187610326	-207.3197705950588	13760.94407343987	-2508715.149731723	6011	7500
