DIC.LogLik	pD.LogLik.1	pD.LogLik.2	Loglik.at.posterior.mean	DIC.LogPost	pD.LogPost.1	pD.LogPost.2	LogPost.at.posterior.mean	Parameters	Samples.used
5017650.234427243	-1312.1298967534676	5307.491435124024	-2503517.625778497	5041014.574652992	-773.8954418413341	13092.153229846655	-2507415.1340966495	5242	7500
