AA,Codon,Mean
A,GCG,0.040910737548272014
A,GCC,-0.077255523917824
C,TGC,0.222028372413913
D,GAC,-0.176968711748719
E,GAG,-0.178959790318211
F,TTC,-0.225109288266301
G,GGG,0.590655137789249
G,GGC,0.342943113056819
H,CAC,-0.328950178448359
I,ATC,-0.127637694026033
K,AAG,-0.472772412274281
L,CTG,-0.40360867117345295
L,CTC,-0.0327138340954979
L,TTG,-0.565014163221916
N,AAC,-0.417192122511069
P,CCG,0.811610508649548
P,CCC,0.219375218266249
Q,CAG,-0.011700172708595
R,AGG,0.5967723604726298
R,CGG,-0.8363942958355002
R,CGC,0.452619288839896
S,TCG,-0.20842323061327203
S,TCC,-0.0678011766133209
T,ACG,0.014443033464749011
T,ACC,-0.125504917569955
V,GTG,-0.277650543712576
V,GTC,-0.0818862335577607
Y,TAC,-0.385444725509485
Z,AGC,0.0144472406825557
