AA,Codon,Mean
A,GCG,0.5491642191378348
A,GCC,0.248067877295613
C,TGC,0.134921291714907
D,GAC,0.337428538519144
E,GAG,-0.0688310319753985
F,TTC,0.088486711815993
G,GGG,0.6197628362675509
G,GGC,0.181097163384159
H,CAC,0.30956842550834
I,ATC,0.106006643161674
K,AAG,-0.0766160969359179
L,CTG,-0.8576206152607617
L,CTC,0.231545864297946
L,TTG,-1.01993289122979
N,AAC,0.00503899389601368
P,CCG,0.2149961820030653
P,CCC,0.236263429243366
Q,CAG,-0.353055206672351
R,AGG,0.295889169041318
R,CGG,0.26424403825004905
R,CGC,-0.0769966962816194
S,TCG,-0.004468641910453999
S,TCC,0.312854251456261
T,ACG,0.2006821118968231
T,ACC,0.0941496412962675
V,GTG,-1.114275029231111
V,GTC,0.607098102084796
Y,TAC,0.0749376583844423
Z,AGC,0.0776061491849522
