DIC.LogLik	pD.LogLik.1	pD.LogLik.2	Loglik.at.posterior.mean	DIC.LogPost	pD.LogPost.1	pD.LogPost.2	LogPost.at.posterior.mean	Parameters	Samples.used
5639129.148383681	-3255.445371767506	5165.28542302459	-2814399.288768816	5668064.107444652	-2599.932321332395	15213.77346965253	-2818818.2802526737	5618	7500
