AA,Codon,Mean
A,GCG,0.3190891217912487
A,GCC,-0.060087644521147
C,TGC,-0.282374352135261
D,GAC,-0.134184992321829
E,GAG,-0.101012730095287
F,TTC,0.204206134287516
G,GGG,0.26757187109192204
G,GGC,-0.72920262752374
H,CAC,0.153327826490005
I,ATC,0.0317651564770904
K,AAG,0.32400631471475
L,CTG,-0.74337519677182
L,CTC,0.0103489604791
L,TTG,-0.808598848025004
N,AAC,-0.0476034290973953
P,CCG,-0.2232213310778928
P,CCC,-0.0570495905912348
Q,CAG,-0.391926806716124
R,AGG,0.31774350809852303
R,CGG,0.14011650760571193
R,CGC,-0.721613492027918
S,TCG,-0.25747264905592854
S,TCC,0.133546660785874
T,ACG,0.19936919501821193
T,ACC,-0.125986505099138
V,GTG,-1.177615795059999
V,GTC,0.18063472422262
Y,TAC,-0.148406424723069
Z,AGC,-0.596794458619754
