AA,Codon,Mean
A,GCG,0.48292849076390204
A,GCC,0.20631137960652501
C,TGC,0.300288583046198
D,GAC,0.055405036136508
E,GAG,-0.0237186395459491
F,TTC,-0.24459539360404
G,GGG,0.8830531741102539
G,GGC,0.724606788126628
H,CAC,-0.178584148274362
I,ATC,0.0868551987272998
K,AAG,-0.320853543263674
L,CTG,-0.14216679073572097
L,CTC,0.24256123746360336
L,TTG,-0.284887212091684
N,AAC,-0.16749825339814
P,CCG,0.940751157407959
P,CCC,0.902413193754355
Q,CAG,0.300659176369508
R,AGG,0.7684989496696119
R,CGG,-0.06863410226901401
R,CGC,0.758455277617772
S,TCG,0.06271556016604102
S,TCC,0.075665342130512
T,ACG,0.16146436199347092
T,ACC,0.062235866441081
V,GTG,-0.569970475389561
V,GTC,0.088145719221731
Y,TAC,-0.180275149215261
Z,AGC,0.198180078435938
