AA,Codon,Mean
A,GCG,-0.70547166624665
A,GCC,-0.935613976772626
C,TGC,-0.706067130684853
D,GAC,-1.21791360286077
E,GAG,-0.893690553597609
F,TTC,-0.0959036034005384
G,GGG,-0.36966876509189206
G,GGC,-1.81255355443954
H,CAC,-0.697081684752305
I,ATC,-0.586326169033845
K,AAG,-0.107037608297169
L,CTG,-1.7638720771968401
L,CTC,-0.788051630773147
L,TTG,-1.47815155727069
N,AAC,-0.902560567569733
P,CCG,-1.34839976151859
P,CCC,-0.771798989482721
Q,CAG,-1.51439504973094
R,AGG,0.333574587750931
R,CGG,-0.9272689926356121
R,CGC,-1.41857666539351
S,TCG,-1.575617706195509
S,TCC,-0.297848924969633
T,ACG,-0.70832287128766
T,ACC,-0.885269406668345
V,GTG,-2.171009063720702
V,GTC,-0.408803634647528
Y,TAC,-0.842911320137978
Z,AGC,-1.29844713646571
