DIC.LogLik	pD.LogLik.1	pD.LogLik.2	Loglik.at.posterior.mean	DIC.LogPost	pD.LogPost.1	pD.LogPost.2	LogPost.at.posterior.mean	Parameters	Samples.used
5636353.367172071	600.6916044410318	6712.005372661794	-2811464.6782133738	5674666.241008338	1272.5659643728286	21804.15684373005	-2815528.9636604385	6522	7500
