AA,Codon,Mean
A,GCG,1.506174693655968
A,GCC,0.65319277976354
C,TGC,0.623948167292277
D,GAC,0.90983055481116
E,GAG,0.371329281248649
F,TTC,0.72705778948466
G,GGG,0.62953316830645
G,GGC,0.738580909077326
H,CAC,0.858638251487414
I,ATC,0.742559135047595
K,AAG,0.364855011294285
L,CTC,0.669311391572162
L,TTG,-0.413029057486852
N,AAC,0.737836814018091
P,CCG,1.167706054097414
P,CCC,0.424577279531956
Q,CAG,0.807985953692595
R,AGG,0.5252843910813331
R,CGG,1.204570909758409
R,CGC,0.628900435276826
S,TCG,0.8353791539877661
S,TCC,0.312759736291568
T,ACG,0.989806673111518
T,ACC,0.563454879935583
V,GTG,-0.228230252485474
V,GTC,0.872279663912455
Y,TAC,0.458841815300782
Z,AGC,0.633308403885365
