AA,Codon,Mean
A,GCG,0.259894433625539
A,GCC,0.125380602756143
C,TGC,0.494732380483548
D,GAC,0.0480632188819349
E,GAG,0.39990323116978
F,TTC,-0.164955445876718
G,GGG,0.438279549606641
G,GGC,0.615691566379865
H,CAC,-0.14211158165286
I,ATC,0.0137763081844935
K,AAG,-0.0353892952385048
L,CTC,0.27009333424369497
L,TTG,-0.116047698290646
N,AAC,-0.181478622467319
P,CCG,0.64447694597741
P,CCC,0.3148407599171
Q,CAG,0.592730640029907
R,AGG,0.6299654984643059
R,CGG,0.13415594034989997
R,CGC,0.799396828083197
S,TCG,0.33388576711428664
S,TCC,0.0680022873694698
T,ACG,0.251433356342713
T,ACC,0.0465463100473086
V,GTG,0.15323839988112398
V,GTC,0.0762008747125665
Y,TAC,-0.118871609763304
Z,AGC,0.28224838060836
