AA,Codon,Mean
A,GCG,0.895343429970743
A,GCC,0.63301795869271
C,TGC,0.00875203378305509
D,GAC,0.334102424407005
E,GAG,0.0440166608040367
F,TTC,-0.0538252425444623
G,GGG,0.8189770139793568
G,GGC,0.617625564308961
H,CAC,0.257646113636096
I,ATC,0.0433214759719596
K,AAG,-0.059565302651911
L,CTG,0.36744313643376003
L,CTC,0.257071383857729
L,TTG,-0.851785749900341
N,AAC,-0.166999750100573
P,CCG,1.062145479536057
P,CCC,0.743386680599054
Q,CAG,0.161634664339572
R,AGG,1.135059240456426
R,CGG,0.5043509389139711
R,CGC,0.517934771800041
S,TCG,0.5369057657328749
S,TCC,0.309405341693759
T,ACG,0.5998723610843217
T,ACC,0.266568118495742
V,GTG,-1.037552111455795
V,GTC,0.523436599673827
Y,TAC,-0.185132097195586
Z,AGC,-0.0685905209652542
