AA,Codon,Mean
A,GCG,1.579961277379347
A,GCC,1.03537959667444
C,TGC,1.96294098177751
D,GAC,1.65529601711432
E,GAG,1.38762024886608
F,TTC,0.293239257407188
G,GGG,0.699337762755159
G,GGC,2.02579170997938
H,CAC,1.30057211128076
I,ATC,0.801499740628401
K,AAG,0.870985247151057
L,CTG,0.589857492522395
L,CTC,1.212371381206312
L,TTG,1.20268975688616
N,AAC,1.26867177307606
P,CCG,1.4821258037279068
P,CCC,1.41151165321668
Q,CAG,1.52258627676169
R,AGG,1.04727624357144
R,CGG,0.5588810341556889
R,CGC,2.21556747905413
S,TCG,1.394987734828395
S,TCC,0.82182294156154
T,ACG,1.0910568599321202
T,ACC,0.986931594149272
V,GTG,0.7113562108139241
V,GTC,1.15262281770706
Y,TAC,1.17773920657635
Z,AGC,1.73644341206551
