AA,Codon,Mean
A,GCG,1.748536826857433
A,GCC,1.10295035281976
C,TGC,0.562639154789845
D,GAC,0.975367934985956
E,GAG,0.72209198076725
F,TTC,0.228309217964609
G,GGG,1.3658590500305139
G,GGC,1.1098820469141
H,CAC,0.831067267644405
I,ATC,0.662808660868804
K,AAG,0.283054780210058
L,CTC,0.8712496902346559
L,TTG,-0.0574334185380885
N,AAC,0.658503890168667
P,CCG,1.7141631696616568
P,CCC,1.24715110255082
Q,CAG,0.984053607559204
R,AGG,0.989342586029069
R,CGG,0.658502662036817
R,CGC,0.850702998407682
S,TCG,1.1374210711280461
S,TCC,0.872535571205616
T,ACG,1.1615434781303031
T,ACC,0.995812367713451
V,GTG,-0.05346217135588305
V,GTC,0.899514234658082
Y,TAC,0.362145209089915
Z,AGC,0.508671198620399
