AA,Codon,Mean
A,GCG,-0.9265410367846451
A,GCC,-1.04773469336033
C,TGC,-0.521341917169094
D,GAC,-1.17864865298271
E,GAG,-0.577684446398417
F,TTC,-0.27532155816257
G,GGG,-0.5073389025560441
G,GGC,-1.19036370377541
H,CAC,-0.921571311430136
I,ATC,-0.552046678847074
K,AAG,-0.49717618612051
L,CTC,-0.513441152770321
L,TTG,-1.58987523818811
N,AAC,-1.05565594050487
P,CCG,-1.071190916413128
P,CCC,-0.802711416570346
Q,CAG,-0.950057801965872
R,AGG,0.37748806572556504
R,CGG,-1.054133682845037
R,CGC,-0.8919760805885
S,TCG,-1.608571045951049
S,TCC,-0.58072412170171706
T,ACG,-0.8046605490326869
T,ACC,-0.959393245593707
V,GTG,-1.438772052005927
V,GTC,-0.601171450654666
Y,TAC,-0.879692225380739
Z,AGC,-0.855952018153668
