DIC.LogLik	pD.LogLik.1	pD.LogLik.2	Loglik.at.posterior.mean	DIC.LogPost	pD.LogPost.1	pD.LogPost.2	LogPost.at.posterior.mean	Parameters	Samples.used
5059588.646089492	-166.95462781377137	4682.554197778711	-2525111.7688469673	5084006.860105416	415.76684496179223	13149.303222806182	-2528854.1268299017	4690	7500
