DIC.LogLik	pD.LogLik.1	pD.LogLik.2	Loglik.at.posterior.mean	DIC.LogPost	pD.LogPost.1	pD.LogPost.2	LogPost.at.posterior.mean	Parameters	Samples.used
5620352.667401478	-3157.8647859720513	5698.676107731415	-2804477.6575930077	5639413.8790398855	-2426.829752243124	11350.45731023642	-2808356.482209706	5658	7500
