AA,Codon,Mean
A,GCG,-0.27282069966216743
A,GCC,-0.213340243031581
C,TGC,-0.157173535428445
D,GAC,-0.50954573327899
E,GAG,-0.451423123963674
F,TTC,-0.439829915000995
G,GGG,-0.29260271488825496
G,GGC,0.0199947423240176
H,CAC,-0.578224191383521
I,ATC,-0.387907717490196
K,AAG,-0.612497852222125
L,CTG,-0.27510205694139
L,CTC,-0.2835124216342505
L,TTG,-0.665559227852027
N,AAC,-0.619853913772106
P,CCG,0.011484092263380999
P,CCC,-0.188998083390792
Q,CAG,-0.533749400651455
R,AGG,0.10472785661915998
R,CGG,-0.723340105175227
R,CGC,-0.0732862898937116
S,TCG,-0.544712009366354
S,TCC,-0.18927090729773
T,ACG,-0.3589109834693374
T,ACC,-0.270036307977637
V,GTG,-0.506704725959897
V,GTC,-0.316966346583764
Y,TAC,-0.591860483145714
Z,AGC,-0.360745108628273
