AA,Codon,Mean
A,GCG,0.9327386004968231
A,GCC,0.550236107722918
C,TGC,0.195570514067014
D,GAC,0.870377399535974
E,GAG,0.673244051222006
F,TTC,0.618994942724705
G,GGG,0.7847397665578342
G,GGC,0.411763069081306
H,CAC,0.839404048720996
I,ATC,0.689053316295147
K,AAG,0.606047425385316
L,CTG,-0.044207909504572984
L,CTC,0.612030574649574
L,TTG,2.953342531615e-4
N,AAC,0.834882246140639
P,CCG,0.7852833790682254
P,CCC,0.631844465923309
Q,CAG,0.672448596000671
R,AGG,0.4324974156498931
R,CGG,0.776571248652893
R,CGC,0.406690907299519
S,TCG,0.7476774486978689
S,TCC,0.616737438452244
T,ACG,0.7388670584607633
T,ACC,0.694597448205948
V,GTG,0.06535078599552299
V,GTC,0.647530085090796
Y,TAC,0.513127950791518
Z,AGC,0.37045582417647
