DIC.LogLik	pD.LogLik.1	pD.LogLik.2	Loglik.at.posterior.mean	DIC.LogPost	pD.LogPost.1	pD.LogPost.2	LogPost.at.posterior.mean	Parameters	Samples.used
5427643.523907117	-2391.6035485453904	5497.231897040315	-2708324.530056518	5468505.460238165	-1922.5979645671323	21212.48030218435	-2713040.2498168983	5587	7500
