DIC.LogLik	pD.LogLik.1	pD.LogLik.2	Loglik.at.posterior.mean	DIC.LogPost	pD.LogPost.1	pD.LogPost.2	LogPost.at.posterior.mean	Parameters	Samples.used
5207511.739949212	-30.530073248781264	4687.1233424073935	-2599068.746632199	5232242.982340775	343.0137667916715	13158.194390699908	-2602963.296779688	4878	7500
