AA,Codon,Mean
A,GCG,0.976378373544415
A,GCC,0.685994064299266
C,TGC,0.404253010213375
D,GAC,0.920976194043954
E,GAG,0.587477303306262
F,TTC,0.106343941026926
G,GGG,0.72620168694531
G,GGC,0.776110000816981
H,CAC,0.990574519459407
I,ATC,0.461680651392539
K,AAG,0.49184308792154
L,CTG,0.49456480214992804
L,CTC,0.6922925055762081
L,TTG,0.0296250222448723
N,AAC,0.560192620821794
P,CCG,0.663742011059323
P,CCC,0.696108138831457
Q,CAG,0.359180404965083
R,AGG,0.5283724767088841
R,CGG,0.535498926902314
R,CGC,0.877197820611795
S,TCG,0.665044615697861
S,TCC,0.670536721293131
T,ACG,0.655130837534368
T,ACC,0.654485214904944
V,GTG,0.129186784938971
V,GTC,0.709927822653453
Y,TAC,0.472427639170488
Z,AGC,0.498077669924498
