AA,Codon,Mean
A,GCG,0.17603518337408708
A,GCC,0.0686750143535435
C,TGC,0.490705938690901
D,GAC,-0.117810497431954
E,GAG,0.343231624350945
F,TTC,-0.386943291187286
G,GGG,-0.05007543891668298
G,GGC,0.554811754127344
H,CAC,-0.258735471327106
I,ATC,-0.161718099092444
K,AAG,-0.420207138961554
L,CTG,0.454611701446772
L,CTC,0.2679154850562411
L,TTG,-0.370084865281979
N,AAC,-0.425626537718375
P,CCG,0.867855812915166
P,CCC,0.603582922641436
Q,CAG,0.497223557881514
R,AGG,0.735248252906987
R,CGG,-0.39162489848137017
R,CGC,0.612264437989394
S,TCG,0.07523131278355893
S,TCC,-0.0170132987107326
T,ACG,0.20912377220988299
T,ACC,-0.0778582041400174
V,GTG,-0.289203966806333
V,GTC,-0.0665500108703971
Y,TAC,-0.399991437025865
Z,AGC,0.0706542127225548
