DIC.LogLik	pD.LogLik.1	pD.LogLik.2	Loglik.at.posterior.mean	DIC.LogPost	pD.LogPost.1	pD.LogPost.2	LogPost.at.posterior.mean	Parameters	Samples.used
4534698.179577183	-2125.778697400354	4835.664705781202	-2262513.42508281	4564217.580802502	-1836.6947679296136	15470.45785920398	-2266638.332542047	4889	7500
