AA,Codon,Mean
A,GCG,1.337583363958199
A,GCC,0.695818120702108
C,TGC,0.441237068967024
D,GAC,0.943266023262342
E,GAG,0.708139701469739
F,TTC,0.69133618307511
G,GGG,0.671183861641089
G,GGC,0.698697092648347
H,CAC,1.14591414647102
I,ATC,0.922852788329124
K,AAG,0.411424690486987
L,CTC,0.861905837865669
L,TTG,0.0604506640779475
N,AAC,0.989678482484817
P,CCG,0.798124163116515
P,CCC,0.699217686422666
Q,CAG,0.513247181234757
R,AGG,0.6462532911817279
R,CGG,0.577258759452693
R,CGC,0.762877734879653
S,TCG,0.503331961936752
S,TCC,0.795827245736122
T,ACG,0.648831021240353
T,ACC,0.700128418815136
V,GTG,0.28876713500619
V,GTC,1.01325055764914
Y,TAC,0.835010382258892
Z,AGC,0.63353629673322
