AA,Codon,Mean
A,GCG,-0.00505879851976998
A,GCC,0.0432103224853675
C,TGC,0.506601502557596
D,GAC,-0.105315750655532
E,GAG,0.377178960291545
F,TTC,-0.371889559197426
G,GGG,0.17126209209958698
G,GGC,0.49295267056028
H,CAC,-0.343075629774729
I,ATC,-0.110395027727882
K,AAG,-0.327509242047866
L,CTC,0.12762315337061902
L,TTG,0.101429361783961
N,AAC,-0.369000865262747
P,CCG,0.772351226572195
P,CCC,0.667367039533456
Q,CAG,0.439528761863708
R,AGG,0.6999580646368492
R,CGG,-0.2480421555121799
R,CGC,0.885521308684349
S,TCG,-0.011594876247644992
S,TCC,-0.016831739792965
T,ACG,0.161046979278326
T,ACC,-0.107022798411548
V,GTG,-0.172679880497853
V,GTC,-0.0663875691145659
Y,TAC,-0.394374339284499
Z,AGC,0.0630183587499584
