AA,Codon,Mean
A,GCG,1.080610893579325
A,GCC,0.509842993736267
C,TGC,0.312304408754905
D,GAC,0.676145887637138
E,GAG,0.439687435815732
F,TTC,0.555722265426318
G,GGG,0.42787226800272804
G,GGC,0.668674175353845
H,CAC,0.829728257548809
I,ATC,0.749072401042779
K,AAG,0.226705436803897
L,CTC,0.5808115824619929
L,TTG,-0.173436954811712
N,AAC,0.66270555674235
P,CCG,0.571012150744597
P,CCC,0.336700580966473
Q,CAG,0.168006358402967
R,AGG,0.626581043545404
R,CGG,0.023647686986129013
R,CGC,0.436027857983112
S,TCG,0.08831411147949632
S,TCC,0.653125814076265
T,ACG,0.37609012067466996
T,ACC,0.464873510495822
V,GTG,-0.08139273536205299
V,GTC,0.880735130019983
Y,TAC,0.572183733634154
Z,AGC,0.560531466809909
