AA,Codon,Mean
A,GCG,0.10464950922926297
A,GCC,0.0960237616548936
C,TGC,0.609070579799016
D,GAC,-0.0331863635193091
E,GAG,0.505608613592386
F,TTC,-0.343841385054588
G,GGG,0.302985779575507
G,GGC,0.554742955799898
H,CAC,-0.261716695160667
I,ATC,-0.0639802971494695
K,AAG,-0.286495095477502
L,CTC,0.292341338708003
L,TTG,0.182015549761057
N,AAC,-0.281202056284746
P,CCG,0.9418039987812441
P,CCC,0.904288689410687
Q,CAG,0.613929955514272
R,AGG,0.7594700503872992
R,CGG,0.09309970071315998
R,CGC,1.11663864782651
S,TCG,0.148697684496642
S,TCC,0.0198507377369776
T,ACG,0.30417300231854094
T,ACC,-0.0515105553381145
V,GTG,-0.010183765153089941
V,GTC,-0.0358490910984576
Y,TAC,-0.319432789882024
Z,AGC,0.10808862636586
