AA,Codon,Mean
A,GCG,1.352259270715714
A,GCC,0.747232338118553
C,TGC,0.365021153581142
D,GAC,0.978990570362409
E,GAG,0.652453382062912
F,TTC,0.75443369063139
G,GGG,0.66025277472436406
G,GGC,0.605268970751762
H,CAC,1.22442788402239
I,ATC,0.964276897307237
K,AAG,0.456532069102923
L,CTC,0.824318645083904
L,TTG,0.0690496206772824
N,AAC,1.04041983232498
P,CCG,0.6750932576358321
P,CCC,0.584818988923232
Q,CAG,0.438712314150731
R,AGG,0.5450973498026509
R,CGG,0.561436204946041
R,CGC,0.622622285167376
S,TCG,0.50424743057092
S,TCC,0.813732670887311
T,ACG,0.6131899261266
T,ACC,0.760245003759861
V,GTG,0.32283635562559
V,GTC,1.05800649360816
Y,TAC,0.911310950036844
Z,AGC,0.610100863440831
