AA,Codon,Mean
A,GCG,1.585409551294645
A,GCC,0.296192974019051
C,TGC,0.791496915884813
D,GAC,0.908321112946669
E,GAG,0.632331345522404
F,TTC,0.503588203388453
G,GGG,0.700491092553735
G,GGC,0.663657986632983
H,CAC,1.0647110219717
I,ATC,0.67975774923563
K,AAG,0.395499274410804
L,CTC,0.7950932127833319
L,TTG,-0.198658204902212
N,AAC,0.788446458482742
P,CCG,0.838321718079349
P,CCC,0.322186044725776
Q,CAG,0.617196608579159
R,AGG,0.7754265127698581
R,CGG,0.9111662501483497
R,CGC,0.569707981832822
S,TCG,0.822900255549947
S,TCC,0.253769610599677
T,ACG,0.9364908275355901
T,ACC,0.400421815186739
V,GTG,-0.1057468556471169
V,GTC,0.863753255971273
Y,TAC,0.738966148726145
Z,AGC,0.796582709137599
