AA,Codon,Mean
A,GCG,0.388115686237813
A,GCC,0.12377657473584
C,TGC,0.769990028500557
D,GAC,-0.079628332444032
E,GAG,0.85933475099802
F,TTC,-0.305095987590154
G,GGG,0.11306902026732701
G,GGC,0.888164469643434
H,CAC,-0.373571528083086
I,ATC,-0.0219312064846745
K,AAG,-0.488699445774158
L,CTC,0.322586648748319
L,TTG,0.0194780783769519
N,AAC,-0.390301704965035
P,CCG,1.4134832844108352
P,CCC,0.811694767916203
Q,CAG,0.97688913542827
R,AGG,1.229183633239563
R,CGG,0.32386682773430975
R,CGC,1.28857859696547
S,TCG,0.2096278105815259
S,TCC,0.0417890045829117
T,ACG,0.494332092563307
T,ACC,-0.0167754623260316
V,GTG,-0.06863395264546102
V,GTC,0.0119545735702023
Y,TAC,-0.33495420221885
Z,AGC,0.249954226101438
