AA,Codon,Mean
A,GCG,0.785789240675171
A,GCC,0.556677598933379
C,TGC,0.0430204366513132
D,GAC,0.370640248864889
E,GAG,0.00692324860347024
F,TTC,-0.0793606374524534
G,GGG,-0.032864381374915014
G,GGC,0.0453027725148599
H,CAC,0.215783858529727
I,ATC,0.111181704597175
K,AAG,-0.170431158061822
L,CTG,-0.6388042071928579
L,CTC,0.21001085038979905
L,TTG,0.00894925252503126
N,AAC,0.062794065702334
P,CCG,0.214306004658589
P,CCC,0.0661343596407322
Q,CAG,-0.0932650904543698
R,AGG,0.13363006972869484
R,CGG,-0.04018708293636597
R,CGC,0.611133662327131
S,TCG,0.06780011309981299
S,TCC,0.566118845001856
T,ACG,-0.04666843422253908
T,ACC,0.390102439276377
V,GTG,-0.599582132130116
V,GTC,0.566229156208038
Y,TAC,0.166230633831521
Z,AGC,-0.0873321613036775
