AA,Codon,Mean
A,GCG,0.869528915538389
A,GCC,0.0886547044058641
C,TGC,0.82360441180865
D,GAC,0.0177370379662815
E,GAG,-0.132491548483074
F,TTC,-0.189788085393111
G,GGG,1.14002819111546
G,GGC,1.05282731644313
H,CAC,-0.117759543011586
I,ATC,0.0185806936292987
K,AAG,-0.189855102835099
L,CTG,0.42158060676257003
L,CTC,0.103135855405529
L,TTG,-0.305581357022127
N,AAC,-0.162098078975081
P,CCG,1.569033065100513
P,CCC,1.53979935201009
Q,CAG,-0.0246625682840662
R,AGG,1.404009216340275
R,CGG,0.7559918054501202
R,CGC,0.800111380223433
S,TCG,0.9737038111845681
S,TCC,0.00865071415480955
T,ACG,1.2295804464340219
T,ACC,-0.0121881946245626
V,GTG,0.157868956917524
V,GTC,0.0235718646645701
Y,TAC,-0.157050956515471
Z,AGC,0.487396138523022
