AA,Codon,Mean
A,GCG,1.08407962088486
A,GCC,0.399717575418949
C,TGC,0.520453981184959
D,GAC,0.0306203108548014
E,GAG,-0.422119614084562
F,TTC,-0.674370691708724
G,GGG,0.9546133578101801
G,GGC,0.623760161479314
H,CAC,-0.468584994079669
I,ATC,-0.1639270054395
K,AAG,-0.801144819239775
L,CTG,-1.0873373441564553
L,CTC,-0.02329305561383599
L,TTG,-0.729055283399423
N,AAC,-0.762429119197528
P,CCG,1.2813228472371891
P,CCC,1.18461534113487
Q,CAG,-0.474106128567457
R,AGG,1.588563241608937
R,CGG,0.45227834202448003
R,CGC,1.29986470948855
S,TCG,0.25278961960276003
S,TCC,0.313852374915282
T,ACG,0.781961054235697
T,ACC,0.104339096332838
V,GTG,-1.05631899879773
V,GTC,0.32557865563035
Y,TAC,-0.612919687489669
Z,AGC,-0.0706127567139508
