DIC.LogLik	pD.LogLik.1	pD.LogLik.2	Loglik.at.posterior.mean	DIC.LogPost	pD.LogPost.1	pD.LogPost.2	LogPost.at.posterior.mean	Parameters	Samples.used
5342303.226176738	-1263.0944315362722	6061.067610213316	-2665090.5454781554	5398996.489561863	-855.1366840871051	29111.281067322445	-2670386.963713609	5811	7500
