DIC.LogLik	pD.LogLik.1	pD.LogLik.2	Loglik.at.posterior.mean	DIC.LogPost	pD.LogPost.1	pD.LogPost.2	LogPost.at.posterior.mean	Parameters	Samples.used
5154778.452174709	-432.7152516655624	5239.875353948429	-2572149.3507334064	5208799.293755672	-149.18494220077991	27767.407658947202	-2576632.239218889	5330	7500
