DIC.LogLik	pD.LogLik.1	pD.LogLik.2	Loglik.at.posterior.mean	DIC.LogPost	pD.LogPost.1	pD.LogPost.2	LogPost.at.posterior.mean	Parameters	Samples.used
5038075.385959936	-892.0969388745725	6485.03480107161	-2512552.6581788966	5064835.413151341	-329.5343845747411	14572.654235173184	-2517845.0523404973	6277	7500
