DIC.LogLik	pD.LogLik.1	pD.LogLik.2	Loglik.at.posterior.mean	DIC.LogPost	pD.LogPost.1	pD.LogPost.2	LogPost.at.posterior.mean	Parameters	Samples.used
5198288.087585041	-2512.474141309969	5629.879953699532	-2593514.163838821	5227888.737926817	-2004.5904286196455	16159.532228166669	-2597784.8367352416	5074	7500
