AA,Codon,Mean
A,GCG,0.961419268067678
A,GCC,0.446961253162225
C,TGC,0.217059443232417
D,GAC,0.58710415267547
E,GAG,0.467613609278202
F,TTC,0.652868008097013
G,GGG,0.49502290034989505
G,GGC,0.369762176422278
H,CAC,0.483434362190962
I,ATC,0.429544952944915
K,AAG,0.506331685884794
L,CTG,0.08114319957693406
L,CTC,0.580827355746425
L,TTG,-0.0787793422957261
N,AAC,0.244914548983177
P,CCG,0.688032075257599
P,CCC,0.514562618611256
Q,CAG,0.27645035290122
R,AGG,0.272647268136342
R,CGG,0.330837450109422
R,CGC,0.518266566044092
S,TCG,0.535359229466319
S,TCC,0.58640010266304
T,ACG,0.731196720626454
T,ACC,0.391989454404513
V,GTG,0.15172555760741196
V,GTC,0.646812975581487
Y,TAC,0.167640413439274
Z,AGC,0.183166344765822
