AA,Codon,Mean
A,GCG,0.15930080666144697
A,GCC,0.0177698739300792
C,TGC,0.356291208263238
D,GAC,-0.185786709881822
E,GAG,0.255443386544784
F,TTC,-0.267422751908501
G,GGG,-0.06711229598521706
G,GGC,0.390713702068726
H,CAC,-0.260609527646502
I,ATC,-0.138576508711278
K,AAG,-0.378273271332184
L,CTG,0.22215566165248601
L,CTC,0.24253555268049198
L,TTG,-0.427224175282319
N,AAC,-0.401643947104613
P,CCG,0.732274409008026
P,CCC,0.390752043032646
Q,CAG,0.353715183530251
R,AGG,0.5468520387279493
R,CGG,-0.3973438457489
R,CGC,0.45057407943209
S,TCG,-0.021152315290768997
S,TCC,-0.0345065424644699
T,ACG,0.09378745272954303
T,ACC,-0.0893263830880324
V,GTG,-0.345721656113863
V,GTC,-0.0849450199226538
Y,TAC,-0.34664539347887
Z,AGC,0.0143473119222845
