AA,Codon,Mean
A,GCG,-0.188631328968207
A,GCC,-0.986747850883007
C,TGC,-0.997534342885017
D,GAC,-1.1900263729016
E,GAG,-0.860656452155113
F,TTC,0.211096750605106
G,GGG,-0.4182383316276583
G,GGC,-1.22563930931886
H,CAC,-1.07216482892831
I,ATC,-0.914230844759941
K,AAG,-0.688716495140394
L,CTG,-1.79504100142717
L,CTC,-0.705303360599776
L,TTG,-1.91406884168784
N,AAC,-1.49856237555345
P,CCG,-0.6392825126280389
P,CCC,-0.86959536785682
Q,CAG,-1.24938395049572
R,AGG,-0.3877993097066931
R,CGG,-1.006487843114164
R,CGC,-0.966800305271149
S,TCG,-1.1371316381742549
S,TCC,-0.571467024526993
T,ACG,-0.40895118160645005
T,ACC,-1.15135174363454
V,GTG,-1.689104075855016
V,GTC,-0.426749703931808
Y,TAC,-1.39419173258146
Z,AGC,-1.26775437170664
