DIC.LogLik	pD.LogLik.1	pD.LogLik.2	Loglik.at.posterior.mean	DIC.LogPost	pD.LogPost.1	pD.LogPost.2	LogPost.at.posterior.mean	Parameters	Samples.used
5436539.9932629615	-1409.7070966400206	5221.954575819077	-2713048.042055662	5460081.4077324085	-965.421289049089	12816.444974660588	-2717224.258891544	4984	7500
