DIC.LogLik	pD.LogLik.1	pD.LogLik.2	Loglik.at.posterior.mean	DIC.LogPost	pD.LogPost.1	pD.LogPost.2	LogPost.at.posterior.mean	Parameters	Samples.used
5151789.143231059	-2338.902190266177	5164.424754961753	-2570730.146860568	5188277.133522668	-1917.3299484672025	18894.359938060974	-2575244.206823273	5211	7500
