AA,Codon,Mean
A,GCG,0.353586164489885
A,GCC,0.327855044430494
C,TGC,-0.382441579123338
D,GAC,0.0679059428560237
E,GAG,0.202359906286995
F,TTC,0.219273222538829
G,GGG,0.2333729629893975
G,GGC,-0.357245901634296
H,CAC,0.121842231325805
I,ATC,0.312302397628625
K,AAG,0.156617295552293
L,CTG,-0.3824352399287743
L,CTC,0.342052932230631
L,TTG,-0.324484934288263
N,AAC,-0.0634099560173849
P,CCG,0.23160574967116102
P,CCC,0.333558073927959
Q,CAG,0.112701650938888
R,AGG,0.07192300709485999
R,CGG,0.160740565597017
R,CGC,-0.5173853076756
S,TCG,0.33685955329710543
S,TCC,0.405992941751083
T,ACG,0.451220915365219
T,ACC,0.292095994458596
V,GTG,-0.433715193191171
V,GTC,0.506316950676839
Y,TAC,-0.172658128031095
Z,AGC,-0.389460690186421
