AA,Codon,Mean
A,GCG,-0.73357996596694
A,GCC,-0.564528391357263
C,TGC,-1.09195739599466
D,GAC,-0.93581327991883
E,GAG,-0.586233128225803
F,TTC,-0.573045182943344
G,GGG,-0.29875873925456503
G,GGC,-1.18362641980648
H,CAC,-0.866429441936811
I,ATC,-0.538472033691406
K,AAG,-0.58468378465573
L,CTG,-1.348936461822193
L,CTC,-0.557736613273
L,TTG,-1.03668928882678
N,AAC,-0.974765136150519
P,CCG,-0.752756077108036
P,CCC,-0.550202652001381
Q,CAG,-0.83565750652949
R,AGG,-0.144153108111024
R,CGG,-0.7785861789599106
R,CGC,-1.43407305552959
S,TCG,-0.785175534842908
S,TCC,-0.385961703342199
T,ACG,-0.463139347706238
T,ACC,-0.532856500879924
V,GTG,-1.285928149775664
V,GTC,-0.319277428710461
Y,TAC,-1.1277056277434
Z,AGC,-1.11791626608372
