AA,Codon,Mean
A,GCG,0.06152499862511901
A,GCC,0.0661565552430848
C,TGC,0.196632653611898
D,GAC,-0.114778300849597
E,GAG,-0.0715974806209405
F,TTC,-0.205154187521338
G,GGG,0.21639787267843896
G,GGC,0.325785633222262
H,CAC,-0.189951162200173
I,ATC,-0.0456025679044426
K,AAG,-0.254125792722901
L,CTG,0.07398252260386898
L,CTC,0.04906651620864899
L,TTG,-0.401887200323741
N,AAC,-0.278749619127313
P,CCG,1.017909221138061
P,CCC,0.292191914708416
Q,CAG,0.0426971576324354
R,AGG,0.540740544414521
R,CGG,-0.47949454028209304
R,CGC,0.497407853641113
S,TCG,-0.014011497588952038
S,TCC,0.0428923364448051
T,ACG,0.16364093248844203
T,ACC,0.00538793229771065
V,GTG,-0.21019860628843298
V,GTC,-0.027044700879852
Y,TAC,-0.254362666976452
Z,AGC,-0.00639519299850627
