AA,Codon,Mean
A,GCG,0.844196237233778
A,GCC,0.564730076551437
C,TGC,0.30147594020764
D,GAC,0.733377830298742
E,GAG,0.288370495969057
F,TTC,0.549580653472741
G,GGG,0.5617203712323694
G,GGC,0.451520780366659
H,CAC,0.866323131040732
I,ATC,0.7082434877038
K,AAG,0.322966459268332
L,CTG,0.07346019882162402
L,CTC,0.635577039534847
L,TTG,-0.0255604931724972
N,AAC,0.844910450955232
P,CCG,0.8074222747175646
P,CCC,0.718215308082104
Q,CAG,0.209473247146606
R,AGG,0.48945679361472494
R,CGG,0.4594107420049275
R,CGC,0.317464910290639
S,TCG,0.6021346015107877
S,TCC,0.62950713605086
T,ACG,0.673827676297228
T,ACC,0.465615626815955
V,GTG,0.025691020230452
V,GTC,0.656027040565014
Y,TAC,0.731324503290653
Z,AGC,0.320089647614956
