AA,Codon,Mean
A,GCG,-0.10490148953323519
A,GCC,-0.0890156176716089
C,TGC,-0.183558352848391
D,GAC,-0.176604557937384
E,GAG,-0.2861305707256
F,TTC,-0.387345617566506
G,GGG,0.13254230977495501
G,GGC,0.019687398530277
H,CAC,-0.293591639902194
I,ATC,-0.180846836392085
K,AAG,-0.508735260520379
L,CTG,-0.3299962041263777
L,CTC,-0.0773175274496278
L,TTG,-0.654940301942825
N,AAC,-0.34040810405612
P,CCG,-0.0575210888597182
P,CCC,-0.0605723228956262
Q,CAG,-0.347864263918002
R,AGG,-0.16886776472528803
R,CGG,-0.24585181288719102
R,CGC,0.0682173122410973
S,TCG,-0.2458287851038024
S,TCC,-0.0552483584779004
T,ACG,-0.17352742332567794
T,ACC,-0.124047772576412
V,GTG,-0.18942659235528309
V,GTC,-0.113483893010517
Y,TAC,-0.296552981563409
Z,AGC,-0.123878232973317
