DIC.LogLik	pD.LogLik.1	pD.LogLik.2	Loglik.at.posterior.mean	DIC.LogPost	pD.LogPost.1	pD.LogPost.2	LogPost.at.posterior.mean	Parameters	Samples.used
5646662.437996313	-1319.5378535296768	5832.2704886183965	-2817498.948509538	5683681.7829413125	-810.2996358042583	19287.588064174673	-2822553.3034064816	5876	7500
