DIC.LogLik	pD.LogLik.1	pD.LogLik.2	Loglik.at.posterior.mean	DIC.LogPost	pD.LogPost.1	pD.LogPost.2	LogPost.at.posterior.mean	Parameters	Samples.used
5259055.033749887	515.6753225428984	7303.17570699467	-2622224.3411679487	5273410.143260021	1032.208820459433	14306.605557269597	-2622398.466072741	5710	7500
