DIC.LogLik	pD.LogLik.1	pD.LogLik.2	Loglik.at.posterior.mean	DIC.LogPost	pD.LogPost.1	pD.LogPost.2	LogPost.at.posterior.mean	Parameters	Samples.used
5384780.379404032	-1721.6030885176733	4975.350046526049	-2687414.8396554897	5407472.120404239	-1221.4304658873007	12908.475375388354	-2690827.584826731	5033	7500
