DIC.LogLik	pD.LogLik.1	pD.LogLik.2	Loglik.at.posterior.mean	DIC.LogPost	pD.LogPost.1	pD.LogPost.2	LogPost.at.posterior.mean	Parameters	Samples.used
5098613.873313819	-2266.0498878704384	5430.591297851294	-2543876.345359058	5114405.414216502	-1885.9186377050355	8759.800490517655	-2548442.906617733	5251	7500
