DIC.LogLik	pD.LogLik.1	pD.LogLik.2	Loglik.at.posterior.mean	DIC.LogPost	pD.LogPost.1	pD.LogPost.2	LogPost.at.posterior.mean	Parameters	Samples.used
5396873.727705092	-1731.432848798111	4885.096025836937	-2693551.767826709	5472648.704315394	-1504.4709945013747	38683.95073878087	-2697640.4014189164	4978	7500
