DIC.LogLik	pD.LogLik.1	pD.LogLik.2	Loglik.at.posterior.mean	DIC.LogPost	pD.LogPost.1	pD.LogPost.2	LogPost.at.posterior.mean	Parameters	Samples.used
5087208.087913472	665.212228724733	4515.644136503677	-2539088.3998202323	5122964.90150577	981.2475951462984	20693.434371239724	-2540789.0163816456	4573	7500
