AA,Codon,Mean
A,GCG,1.5454101144179657
A,GCC,0.711719013766448
C,TGC,0.873574204953512
D,GAC,1.43181542306741
E,GAG,0.72168240130345
F,TTC,0.121094131259123
G,GGG,0.533317197757959
G,GGC,1.71801031017303
H,CAC,1.13324339632193
I,ATC,0.4227697663486
K,AAG,0.587835394152005
L,CTG,0.29460773523251493
L,CTC,0.1999029476245271
L,TTG,0.220683256849647
N,AAC,1.26782015990416
P,CCG,1.306946547331412
P,CCC,0.343146692796548
Q,CAG,0.916471545461814
R,AGG,1.174755720860762
R,CGG,0.03311560276115
R,CGC,1.09603103973468
S,TCG,1.235934187889099
S,TCC,0.612327689961592
T,ACG,1.080650470614433
T,ACC,0.787222794826825
V,GTG,-0.743377390043934
V,GTC,0.733838141616186
Y,TAC,0.603259033882618
Z,AGC,1.3801682508866
