AA,Codon,Mean
A,GCG,0.5433252196510651
A,GCC,0.00160779681855618
C,TGC,0.574033502427737
D,GAC,-0.112938628527025
E,GAG,0.320478167694807
F,TTC,-0.38334181877176
G,GGG,-0.2733745857040091
G,GGC,0.628194551730156
H,CAC,-0.582854472963015
I,ATC,-0.116785424015919
K,AAG,-0.656364179142316
L,CTG,0.29966258083184494
L,CTC,0.26006253406504803
L,TTG,-0.0407993795565019
N,AAC,-0.656802532398701
P,CCG,1.149535572292408
P,CCC,1.29351391034921
Q,CAG,0.698757467877865
R,AGG,1.64905999957124
R,CGG,-1.8253356379310302
R,CGC,1.39970025336742
S,TCG,0.5936383748948559
S,TCC,-0.0386158563576639
T,ACG,0.287485975352922
T,ACC,-0.0721344920563201
V,GTG,-1.7119437780797513
V,GTC,-0.0643101046624283
Y,TAC,-0.48472252257665
Z,AGC,0.0436559372800285
