DIC.LogLik	pD.LogLik.1	pD.LogLik.2	Loglik.at.posterior.mean	DIC.LogPost	pD.LogPost.1	pD.LogPost.2	LogPost.at.posterior.mean	Parameters	Samples.used
5148092.817673859	-1927.7263228334486	4846.646698596655	-2569199.7621383327	5240203.8197271405	-1692.0588895259425	46770.47277725343	-2573331.4370863168	5047	7500
