AA,Codon,Mean
A,GCG,0.789348717978597
A,GCC,0.384657072063287
C,TGC,0.265565156810482
D,GAC,0.739284513958295
E,GAG,0.638571287890275
F,TTC,0.541545902971427
G,GGG,0.5741168014819887
G,GGC,0.384400710493326
H,CAC,0.744589857796828
I,ATC,0.607924486112595
K,AAG,0.516439124645789
L,CTG,0.07954932011167193
L,CTC,0.643756839686632
L,TTG,0.126537371077637
N,AAC,0.608817637689908
P,CCG,0.6262895689694828
P,CCC,0.454788504918416
Q,CAG,0.500711008673906
R,AGG,0.362783219110964
R,CGG,0.578507428076941
R,CGC,0.511706755357981
S,TCG,0.6571562562055889
S,TCC,0.471438316382964
T,ACG,0.606505830563109
T,ACC,0.499129165182511
V,GTG,0.16008338637004302
V,GTC,0.67835743282636
Y,TAC,0.517878958251079
Z,AGC,0.337841034444173
