AA,Codon,Mean
A,GCG,0.176333500899871
A,GCC,0.0586884905676047
C,TGC,0.34796846670111
D,GAC,-0.129761142184834
E,GAG,0.268638647204638
F,TTC,-0.287286521170537
G,GGG,-0.10392283633947397
G,GGC,0.439440689090888
H,CAC,-0.203973695374529
I,ATC,-0.0878140320812662
K,AAG,-0.27342173846066
L,CTG,0.16189230165680196
L,CTC,0.22911283217469897
L,TTG,-0.213459036327402
N,AAC,-0.315628029638529
P,CCG,0.732920193846027
P,CCC,0.240644415584207
Q,CAG,0.38552729670008
R,AGG,0.5312211620733595
R,CGG,-0.20624288113117006
R,CGC,0.486161573509375
S,TCG,0.10546796546379705
S,TCC,-0.00648896281747684
T,ACG,0.19851750857432704
T,ACC,-0.0473311474515746
V,GTG,-0.17696700835228002
V,GTC,-0.0664971206170817
Y,TAC,-0.308963100848595
Z,AGC,0.0454273602367379
