DIC.LogLik	pD.LogLik.1	pD.LogLik.2	Loglik.at.posterior.mean	DIC.LogPost	pD.LogPost.1	pD.LogPost.2	LogPost.at.posterior.mean	Parameters	Samples.used
5064927.547600346	-126.43075612746179	4523.524289847408	-2527940.2495103255	5098979.261000256	467.32156436890364	17907.762876825804	-2531581.867623302	4650	7500
