DIC.LogLik	pD.LogLik.1	pD.LogLik.2	Loglik.at.posterior.mean	DIC.LogPost	pD.LogPost.1	pD.LogPost.2	LogPost.at.posterior.mean	Parameters	Samples.used
4916874.596973843	-1362.9170823898166	5476.191353836573	-2452961.107133085	4938573.010447535	-828.1202709674835	11792.407070835709	-2457494.098152932	5738	7500
