AA,Codon,Mean
A,GCG,1.472831975209713
A,GCC,0.384093296422561
C,TGC,0.339952734301488
D,GAC,0.795383084885279
E,GAG,0.375414072302977
F,TTC,0.879975892810027
G,GGG,0.6509349966845389
G,GGC,0.531188371908665
H,CAC,0.65723017359972
I,ATC,0.645638091933727
K,AAG,0.408695402747393
L,CTC,0.691314726372558
L,TTG,-0.569939323826631
N,AAC,0.590867616868019
P,CCG,0.919389367546638
P,CCC,0.301853033809861
Q,CAG,0.716915103475253
R,AGG,0.6035298020501929
R,CGG,1.065724795076251
R,CGC,0.398417034844557
S,TCG,0.4260060444201028
S,TCC,0.476042214860519
T,ACG,0.975256577450037
T,ACC,0.529947748066982
V,GTG,-0.179984178382158
V,GTC,0.942006943440437
Y,TAC,0.401180478554964
Z,AGC,0.459812721598148
