AA,Codon,Mean
A,GCG,1.740335910868645
A,GCC,0.707925485098362
C,TGC,0.259685583595435
D,GAC,0.771298451352119
E,GAG,0.515401197163264
F,TTC,0.906001576582591
G,GGG,0.8119772878567382
G,GGC,0.42763617807428
H,CAC,0.648226976561546
I,ATC,0.646579099448522
K,AAG,0.484761701494455
L,CTC,0.661711603947481
L,TTG,-0.374202317478259
N,AAC,0.571378906750679
P,CCG,1.08729107238253
P,CCC,0.550517259603739
Q,CAG,0.750978712757428
R,AGG,0.6760804919679921
R,CGG,1.007540919008851
R,CGC,0.189219837828477
S,TCG,0.707274709647894
S,TCC,0.68145717009306
T,ACG,1.095600140277545
T,ACC,0.65765516320467
V,GTG,0.11476428121229001
V,GTC,0.91914216123422
Y,TAC,0.423382798165083
Z,AGC,0.377306187170744
