AA,Codon,Mean
A,GCG,0.25502856331865004
A,GCC,0.0472828205003093
C,TGC,0.332587965206305
D,GAC,-0.185871358810862
E,GAG,0.0607271972626448
F,TTC,-0.178239301888148
G,GGG,0.520097697116931
G,GGC,0.322348290477196
H,CAC,-0.456047007149458
I,ATC,-0.0879178853089611
K,AAG,-0.188514124023914
L,CTC,-0.027878892620403994
L,TTG,-0.325997708205382
N,AAC,-0.286068857089678
P,CCG,0.85302906442384
P,CCC,0.140223594177763
Q,CAG,0.325139228139321
R,AGG,0.5386447675973179
R,CGG,0.08714332819780002
R,CGC,0.514103853895267
S,TCG,0.22680703071980463
S,TCC,-0.059967632654806
T,ACG,0.33110477395057697
T,ACC,-0.110969870096942
V,GTG,-0.22283669362266895
V,GTC,-0.0359243112542977
Y,TAC,-0.325260275447369
Z,AGC,-0.0351779609538324
