DIC.LogLik	pD.LogLik.1	pD.LogLik.2	Loglik.at.posterior.mean	DIC.LogPost	pD.LogPost.1	pD.LogPost.2	LogPost.at.posterior.mean	Parameters	Samples.used
3171524.9352146243	-3392.5550138158724	4762.597672117931	-1580999.8699351943	3203942.875635776	-2775.895137722604	18225.06412765447	-1583746.3736902336	4836	7500
