DIC.LogLik	pD.LogLik.1	pD.LogLik.2	Loglik.at.posterior.mean	DIC.LogPost	pD.LogPost.1	pD.LogPost.2	LogPost.at.posterior.mean	Parameters	Samples.used
4939229.214885276	123.89387200213969	6469.049873091611	-2463145.557569546	4996703.714562124	757.119308700785	29986.85934989676	-2468364.997931165	6250	7500
