DIC.LogLik	pD.LogLik.1	pD.LogLik.2	Loglik.at.posterior.mean	DIC.LogPost	pD.LogPost.1	pD.LogPost.2	LogPost.at.posterior.mean	Parameters	Samples.used
5119004.7021350125	601.8716561952606	4301.369769820604	-2555200.9812976858	5195769.129430532	894.0632950635627	41053.16155113536	-2556831.4031641306	4338	7500
