AA,Codon,Mean
A,GCG,0.9977036950269716
A,GCC,0.685138545274735
C,TGC,0.632759744673967
D,GAC,0.885264391859372
E,GAG,0.625535779384772
F,TTC,-0.129637653514991
G,GGG,0.5259786883274711
G,GGC,1.20256973477999
H,CAC,0.981593507643541
I,ATC,0.350164119414488
K,AAG,0.350501537619034
L,CTG,0.6935654349684719
L,CTC,0.7804445728977549
L,TTG,-0.151368516914547
N,AAC,0.338754665110509
P,CCG,0.936580324133237
P,CCC,0.771315515152613
Q,CAG,0.520782077974081
R,AGG,0.782935175042849
R,CGG,0.323390804648399
R,CGC,1.21541933705012
S,TCG,0.5494348558841426
S,TCC,0.64905170075496
T,ACG,0.5161717329817515
T,ACC,0.594728748166561
V,GTG,-0.17582710971633597
V,GTC,0.660790907903512
Y,TAC,0.281690528080861
Z,AGC,0.708771471520265
