AA,Codon,Mean
A,GCG,0.963237641562025
A,GCC,0.689980899683634
C,TGC,0.379307641780376
D,GAC,0.925442357786497
E,GAG,0.567121360377471
F,TTC,0.132299715988835
G,GGG,0.712564766351382
G,GGC,0.735347068484624
H,CAC,0.994699845385551
I,ATC,0.476605741182963
K,AAG,0.510070320300261
L,CTG,0.4746984693388151
L,CTC,0.679117425332467
L,TTG,0.0522553096639613
N,AAC,0.579240196295579
P,CCG,0.608293446434041
P,CCC,0.649473178545634
Q,CAG,0.331251796768109
R,AGG,0.49282584514220895
R,CGG,0.540679147093494
R,CGC,0.827724136126041
S,TCG,0.649413895498713
S,TCC,0.673225877674421
T,ACG,0.62154174883763
T,ACC,0.662806683627764
V,GTG,0.14195073022345697
V,GTC,0.717767032877604
Y,TAC,0.496838218335311
Z,AGC,0.501566597119967
