AA,Codon,Mean
A,GCG,0.175425636853774
A,GCC,0.065073466638724
C,TGC,0.402600911025206
D,GAC,-0.104203058008353
E,GAG,0.330985303445657
F,TTC,-0.300742557986577
G,GGG,0.060294395542144996
G,GGC,0.393381084118287
H,CAC,-0.249839825193087
I,ATC,-0.125042973265549
K,AAG,-0.369112362148364
L,CTG,0.3797099738578
L,CTC,0.23478686296741197
L,TTG,-0.307200305136045
N,AAC,-0.347154498048623
P,CCG,0.7868758796771369
P,CCC,0.599664274028937
Q,CAG,0.444558422919114
R,AGG,0.6480229216530918
R,CGG,-0.2954101663986801
R,CGC,0.504095290881395
S,TCG,0.129614101094008
S,TCC,-0.0115206472031737
T,ACG,0.29222591979305
T,ACC,-0.060169402971367
V,GTG,-0.16701476114988295
V,GTC,-0.0516004310856263
Y,TAC,-0.332615434859196
Z,AGC,-0.00855558954775029
