DIC.LogLik	pD.LogLik.1	pD.LogLik.2	Loglik.at.posterior.mean	DIC.LogPost	pD.LogPost.1	pD.LogPost.2	LogPost.at.posterior.mean	Parameters	Samples.used
5292246.675591697	-694.8199486872181	6064.753664585515	-2640058.584131263	5301580.116112672	-428.9846836682409	11788.895027082179	-2639001.163029254	5254	7500
