DIC.LogLik	pD.LogLik.1	pD.LogLik.2	Loglik.at.posterior.mean	DIC.LogPost	pD.LogPost.1	pD.LogPost.2	LogPost.at.posterior.mean	Parameters	Samples.used
5646538.479654901	781.3540763445199	6331.951222252139	-2816937.2886051983	5684801.840002908	1202.5442756880075	20204.15654085415	-2822196.7634606	6482	7500
