AA,Codon,Mean
A,GCG,0.09671721841096803
A,GCC,0.0827922615843515
C,TGC,0.478728989923
D,GAC,-0.042673648929596
E,GAG,0.439178625661135
F,TTC,-0.439112916394075
G,GGG,0.20808475763796985
G,GGC,0.493965465895335
H,CAC,-0.441097473114729
I,ATC,-0.071549679325521
K,AAG,-0.40342923031052
L,CTG,0.28861880536129003
L,CTC,0.244128296917677
L,TTG,0.266140598520637
N,AAC,-0.517497019195557
P,CCG,0.5990008598198491
P,CCC,0.663303144240379
Q,CAG,0.477177774188916
R,AGG,0.877306516583761
R,CGG,0.21632567182382
R,CGC,0.598647414453824
S,TCG,0.290925680128733
S,TCC,0.018452735656801
T,ACG,0.28286608222723
T,ACC,-0.08300469015191
V,GTG,-0.8088461617072469
V,GTC,-0.0177307998885788
Y,TAC,-0.451863812406858
Z,AGC,0.191234768960873
