AA,Codon,Mean
A,GCG,1.29699134102215
A,GCC,0.810425771689415
C,TGC,0.411090325276057
D,GAC,1.0120588153402
E,GAG,0.715681198390325
F,TTC,0.434878551779191
G,GGG,0.6149944717116994
G,GGC,0.727280512166023
H,CAC,1.14097946999868
I,ATC,0.714858705087503
K,AAG,0.708329157320658
L,CTG,0.389615330191449
L,CTC,0.802138891661171
L,TTG,-0.110584744762381
N,AAC,0.713445367666086
P,CCG,1.0206126596997191
P,CCC,0.881637677562237
Q,CAG,0.654187296950817
R,AGG,0.8486727047761321
R,CGG,0.542446121006067
R,CGC,1.03426606179476
S,TCG,0.929693488981326
S,TCC,0.630242440422376
T,ACG,0.8433738236228621
T,ACC,0.834118355417252
V,GTG,-0.10006920398473806
V,GTC,1.20431085371176
Y,TAC,0.618872038749854
Z,AGC,0.457972647353013
