AA,Codon,Mean
A,GCG,1.344121197019021
A,GCC,-0.0755947627170632
C,TGC,0.638936347504457
D,GAC,0.580617499574025
E,GAG,0.43262855181694
F,TTC,0.323806398771207
G,GGG,0.49316270558489483
G,GGC,0.360027159804106
H,CAC,0.779395828465621
I,ATC,0.343875573913256
K,AAG,0.227380008879304
L,CTC,0.503691078102589
L,TTG,-0.513766747275988
N,AAC,0.52520458239913
P,CCG,0.563060360197226
P,CCC,0.0162690506691943
Q,CAG,0.416775253621737
R,AGG,0.6782586665436621
R,CGG,0.8436928602973649
R,CGC,0.374581889755527
S,TCG,0.505171954117219
S,TCC,-0.0964163428775966
T,ACG,0.696683706377943
T,ACC,0.0396903697175211
V,GTG,-0.3660551781434177
V,GTC,0.431130828062693
Y,TAC,0.408170213143031
Z,AGC,0.640066013757388
