AA,Codon,Mean
A,GCG,0.21066529919703292
A,GCC,0.108363171640038
C,TGC,0.691011495745182
D,GAC,-0.10945359565268
E,GAG,0.75177211817503
F,TTC,-0.327171266106765
G,GGG,0.02152543107668603
G,GGC,0.778184227649371
H,CAC,-0.410420380167166
I,ATC,-0.0471218946824471
K,AAG,-0.51787299618125
L,CTC,0.18545042655269295
L,TTG,-0.00372008404955906
N,AAC,-0.432113098480304
P,CCG,1.171565214321017
P,CCC,0.623727571658293
Q,CAG,0.836461216413975
R,AGG,1.193067937679589
R,CGG,0.15213357832431984
R,CGC,1.04608458079497
S,TCG,0.06498034112850792
S,TCC,0.0291861708250207
T,ACG,0.26717077887058005
T,ACC,-0.0318930927436178
V,GTG,-0.19707343401908806
V,GTC,0.00194558253739112
Y,TAC,-0.383896841669083
Z,AGC,0.188434284339845
