AA,Codon,Mean
A,GCG,1.9436943031191842
A,GCC,0.52598151448369
C,TGC,0.977665213874976
D,GAC,1.14121206740538
E,GAG,0.875326608192921
F,TTC,0.624373299586773
G,GGG,0.9280848055899149
G,GGC,0.977131153003375
H,CAC,1.30159219327768
I,ATC,0.905886593981584
K,AAG,0.517996225186189
L,CTC,1.188101590943341
L,TTG,-0.0102354548934536
N,AAC,0.974326702253024
P,CCG,1.282529825440551
P,CCC,0.718119391489029
Q,CAG,0.899069218373299
R,AGG,0.88714420494686
R,CGG,1.13543990911444
R,CGC,0.999168515193462
S,TCG,1.165772384011745
S,TCC,0.443152196609974
T,ACG,1.311846836431824
T,ACC,0.600571599209309
V,GTG,0.198545805096626
V,GTC,1.10854109815756
Y,TAC,0.991822745509942
Z,AGC,0.956757992017269
