AA,Codon,Mean
A,GCG,1.367378969266017
A,GCC,0.702023131334782
C,TGC,0.386758769178391
D,GAC,0.881136432762941
E,GAG,0.59498463066419
F,TTC,0.672020920344194
G,GGG,0.672393025792142
G,GGC,0.762420528439681
H,CAC,0.977382813179493
I,ATC,0.896171252814929
K,AAG,0.318433778625727
L,CTC,0.807841563010217
L,TTG,-0.0390722016752077
N,AAC,0.80352604761521
P,CCG,0.923873953419427
P,CCC,0.585067566198111
Q,CAG,0.405115658736229
R,AGG,0.7250048992355711
R,CGG,0.1820455278821109
R,CGC,0.622493655316035
S,TCG,0.414437518996497
S,TCC,0.805147940083345
T,ACG,0.674919666043421
T,ACC,0.691928255653381
V,GTG,0.13815284619828
V,GTC,1.00002046217124
Y,TAC,0.67718606672287
Z,AGC,0.668259707653522
