AA,Codon,Mean
A,GCG,0.10695885862906801
A,GCC,0.0631919812289377
C,TGC,0.546409674042463
D,GAC,-0.0868722522874673
E,GAG,0.44126234087348
F,TTC,-0.355016629958153
G,GGG,0.25674757370154
G,GGC,0.541980071514845
H,CAC,-0.316821154010296
I,ATC,-0.0896170473183195
K,AAG,-0.282230075077216
L,CTC,0.22207351168394096
L,TTG,0.138987797521055
N,AAC,-0.323186861785253
P,CCG,0.8712905682563781
P,CCC,0.844978164656957
Q,CAG,0.520055282143752
R,AGG,0.7412092393828392
R,CGG,0.1627430064280797
R,CGC,0.971649244952202
S,TCG,0.09257542162736299
S,TCC,0.00260798162119103
T,ACG,0.30200869979461
T,ACC,-0.0852874633575479
V,GTG,-0.096746079399189
V,GTC,-0.0513672293970982
Y,TAC,-0.357420213729143
Z,AGC,0.0485703168077705
