AA,Codon,Mean
A,GCG,1.553736956274509
A,GCC,0.883932108132044
C,TGC,0.377351814250151
D,GAC,1.06895301178296
E,GAG,0.74861798377037
F,TTC,0.831460575850805
G,GGG,0.820588736007611
G,GGC,0.706991253558795
H,CAC,1.2414474562645
I,ATC,1.04295275262992
K,AAG,0.495470196894805
L,CTC,0.95340136167208
L,TTG,0.152760087156792
N,AAC,1.09613124904633
P,CCG,0.9688311120167379
P,CCC,0.776823102927208
Q,CAG,0.571191473722458
R,AGG,0.660912471552693
R,CGG,0.662249685022475
R,CGC,0.760512461256981
S,TCG,0.727099305186669
S,TCC,0.938116983306408
T,ACG,0.832786801975965
T,ACC,0.892691749286652
V,GTG,0.433508405623833
V,GTC,1.1160688387394
Y,TAC,0.92506323641936
Z,AGC,0.630980158364773
