AA,Codon,Mean
A,GCG,0.5939619371443989
A,GCC,0.359380705833435
C,TGC,-0.109143525642405
D,GAC,0.339639730018377
E,GAG,0.250256808364391
F,TTC,0.212185950224598
G,GGG,0.419534427783142
G,GGC,0.01180049635824
H,CAC,0.362377612374226
I,ATC,0.312824993956089
K,AAG,0.173446830230951
L,CTG,-0.26681263192519566
L,CTC,0.3122312342421117
L,TTG,-0.207325436633825
N,AAC,0.280992658345898
P,CCG,0.46095790168220757
P,CCC,0.411746625735362
Q,CAG,0.161696984990438
R,AGG,0.23990611819624902
R,CGG,0.3553781836667403
R,CGC,-0.0859200640236338
S,TCG,0.36935015875484645
S,TCC,0.411891416196028
T,ACG,0.48405106750975
T,ACC,0.343730214891831
V,GTG,-0.08791951052198799
V,GTC,0.433163065163294
Y,TAC,0.04548539988605
Z,AGC,-0.0198918209412545
