AA,Codon,Mean
A,GCG,-0.13774751135706903
A,GCC,-0.0545784125437339
C,TGC,0.0698145684714119
D,GAC,-0.320873711136977
E,GAG,-0.145743371266623
F,TTC,-0.309432340055704
G,GGG,0.18799337355693202
G,GGC,0.207968968195717
H,CAC,-0.444217784080903
I,ATC,-0.162371700948477
K,AAG,-0.376183239134153
L,CTG,0.026438253652055987
L,CTC,-0.12378302926321796
L,TTG,-0.632903371071815
N,AAC,-0.505620593380928
P,CCG,0.7091010043556489
P,CCC,0.173185668474436
Q,CAG,-0.0151421137116085
R,AGG,0.6450533059415714
R,CGG,-0.849455647325516
R,CGC,0.215144069611033
S,TCG,-0.242321882030368
S,TCC,-0.0622819487695893
T,ACG,-0.11405234349568705
T,ACC,-0.110688263038794
V,GTG,-0.4318222190671909
V,GTC,-0.0971657459487518
Y,TAC,-0.501492085250219
Z,AGC,-0.153252414239446
