AA,Codon,Mean
A,GCG,0.79426818556885
A,GCC,0.428560913125674
C,TGC,0.255581075672309
D,GAC,0.737361635378997
E,GAG,0.658953519423803
F,TTC,0.55275536818107
G,GGG,0.6441071050773218
G,GGC,0.300309897411863
H,CAC,0.746288347144922
I,ATC,0.599124035946528
K,AAG,0.532850144942602
L,CTG,0.10428035221099802
L,CTC,0.6193175556659731
L,TTG,0.15340627250572
N,AAC,0.618992573746045
P,CCG,0.6042577892659848
P,CCC,0.477461691248417
Q,CAG,0.493295791256428
R,AGG,0.35267096066077297
R,CGG,0.615127882293363
R,CGC,0.474702418361107
S,TCG,0.6754916926528021
S,TCC,0.494116107281049
T,ACG,0.6366778132726749
T,ACC,0.512809644134839
V,GTG,0.22181994544093797
V,GTC,0.697319069862366
Y,TAC,0.538389324969053
Z,AGC,0.297611781108379
