AA,Codon,Mean
A,GCG,0.7786516321927309
A,GCC,0.344688865053654
C,TGC,0.271167613350352
D,GAC,0.740569745759169
E,GAG,0.602102384662628
F,TTC,0.52974187665383
G,GGG,0.488001873966058
G,GGC,0.467699591686328
H,CAC,0.741790228366852
I,ATC,0.613684534366926
K,AAG,0.495971116385857
L,CTG,0.04690833697319008
L,CTC,0.657525942067305
L,TTG,0.0989943171858788
N,AAC,0.596467170258363
P,CCG,0.6414598705724894
P,CCC,0.408695271625121
Q,CAG,0.498631201128165
R,AGG,0.37269598222176004
R,CGG,0.527568096427378
R,CGC,0.532512381229798
S,TCG,0.6196714291376371
S,TCC,0.441026095275084
T,ACG,0.555477616172035
T,ACC,0.482106514070431
V,GTG,0.09129833042422902
V,GTC,0.661712822131316
Y,TAC,0.497803974036376
Z,AGC,0.399521829273303
