AA,Codon,Mean
A,GCG,0.17900045262376402
A,GCC,0.0631163777333995
C,TGC,0.344713046814998
D,GAC,-0.127176177136103
E,GAG,0.274636686377724
F,TTC,-0.280085107720892
G,GGG,-0.07062250756025301
G,GGC,0.413370526423057
H,CAC,-0.20019778495729
I,ATC,-0.0868649097075065
K,AAG,-0.264832255074382
L,CTG,0.171156833387415
L,CTC,0.22954536056518599
L,TTG,-0.204117734964689
N,AAC,-0.307630041186015
P,CCG,0.7227200888603931
P,CCC,0.25482738464276
Q,CAG,0.383348205574354
R,AGG,0.5204947274831412
R,CGG,-0.18383051802317008
R,CGC,0.48483322832187
S,TCG,0.11530620372891398
S,TCC,-0.00216114749854629
T,ACG,0.21207855447133406
T,ACC,-0.0440801565414915
V,GTG,-0.15325066287120204
V,GTC,-0.0627637641037504
Y,TAC,-0.299769623696804
Z,AGC,0.0348083413272621
