DIC.LogLik	pD.LogLik.1	pD.LogLik.2	Loglik.at.posterior.mean	DIC.LogPost	pD.LogPost.1	pD.LogPost.2	LogPost.at.posterior.mean	Parameters	Samples.used
4956818.796441286	-1100.5922070657834	5485.375871585757	-2472924.0223490573	4996368.90759617	-756.8616322102025	21071.098097417398	-2477113.3557006675	5698	7500
