AA,Codon,Mean
A,GCG,1.297348076915741
A,GCC,0.477167394775152
C,TGC,0.753890539546808
D,GAC,1.22349819239775
E,GAG,0.657892234615485
F,TTC,0.608695521565278
G,GGG,0.4820477943283821
G,GGC,1.17818452222347
H,CAC,1.38241297312578
I,ATC,0.862187714552879
K,AAG,0.39323134449323
L,CTG,0.201190881049633
L,CTC,0.746048695975538
L,TTG,0.335298115267356
N,AAC,1.03882487356663
P,CCG,1.028588002850612
P,CCC,0.380744759617249
Q,CAG,0.815729900757472
R,AGG,0.5858476999759651
R,CGG,1.071010573083162
R,CGC,1.16313707566261
S,TCG,0.964947443665068
S,TCC,0.411980416852236
T,ACG,0.813634617469708
T,ACC,0.662277019492785
V,GTG,0.09175027437309402
V,GTC,0.696079189610481
Y,TAC,0.916830074342092
Z,AGC,0.929811108219624
