AA,Codon,Mean
A,GCG,1.646796139637625
A,GCC,0.573464104735851
C,TGC,1.44341887925466
D,GAC,1.20577520691554
E,GAG,1.10638857971032
F,TTC,-0.0119785323168786
G,GGG,-0.10981806818644002
G,GGC,2.02782725028197
H,CAC,1.23732509187063
I,ATC,0.639322066152096
K,AAG,-0.12129255591929
L,CTG,0.6374029157598821
L,CTC,0.88282510857979
L,TTG,0.112902544759462
N,AAC,0.618194797197978
P,CCG,2.284134080509349
P,CCC,0.653925190027555
Q,CAG,1.49291362849871
R,AGG,1.529056675696374
R,CGG,0.6295540168921101
R,CGC,2.077142496562
S,TCG,1.224331141688428
S,TCC,0.412394433754683
T,ACG,1.03934785261552
T,ACC,0.687105574138959
V,GTG,-0.44173605815768197
V,GTC,0.390417706696192
Y,TAC,0.425529054186742
Z,AGC,1.04918949186405
