AA,Codon,Mean
A,GCG,0.347353073916833
A,GCC,0.0567018454268575
C,TGC,0.498043310240904
D,GAC,-0.046576366109401
E,GAG,0.429143556362391
F,TTC,-0.205516862900058
G,GGG,-0.09544985648790993
G,GGC,0.354177985352278
H,CAC,-0.122192385345697
I,ATC,-0.0351420342958222
K,AAG,-0.179177526224653
L,CTG,0.541395758848886
L,CTC,0.330669806162517
L,TTG,-0.0673480697152515
N,AAC,-0.196843028662602
P,CCG,0.9361646371473871
P,CCC,0.39519740747412
Q,CAG,0.508509423991044
R,AGG,0.701356558532392
R,CGG,0.3622505819559101
R,CGC,0.761252809405327
S,TCG,0.325953822716077
S,TCC,0.0126456106452725
T,ACG,0.315512765855591
T,ACC,-0.0173214550227625
V,GTG,-0.109135448408126
V,GTC,-0.0168816533947519
Y,TAC,-0.199193412095308
Z,AGC,0.0870255647850533
