DIC.LogLik	pD.LogLik.1	pD.LogLik.2	Loglik.at.posterior.mean	DIC.LogPost	pD.LogPost.1	pD.LogPost.2	LogPost.at.posterior.mean	Parameters	Samples.used
5599018.928684582	-1080.0288353282958	5937.497783312995	-2793571.966558978	5630144.60463355	-505.79121167305857	16488.344289807294	-2798583.958026968	5916	7500
