DIC.LogLik	pD.LogLik.1	pD.LogLik.2	Loglik.at.posterior.mean	DIC.LogPost	pD.LogPost.1	pD.LogPost.2	LogPost.at.posterior.mean	Parameters	Samples.used
5169941.117298388	-2488.3296386925504	4976.987493892728	-2579993.5711553013	5212197.337650521	-2015.7019160306081	21774.255623349833	-2584324.4132019104	5114	7500
