AA,Codon,Mean
A,GCG,1.5761561644633608
A,GCC,0.489629495189587
C,TGC,0.314926530390978
D,GAC,0.78849074600935
E,GAG,0.423231739753485
F,TTC,0.889412043344974
G,GGG,0.708277107589568
G,GGC,0.492394418259462
H,CAC,0.653455344752471
I,ATC,0.646805048120022
K,AAG,0.436206111623843
L,CTC,0.681615590933962
L,TTG,-0.507523655637105
N,AAC,0.582800576432546
P,CCG,1.000483054176967
P,CCC,0.411064235079288
Q,CAG,0.736053852959474
R,AGG,0.6278978355328221
R,CGG,1.033801793140173
R,CGC,0.307706503975391
S,TCG,0.547615321300427
S,TCC,0.56296432577769
T,ACG,1.028453834529718
T,ACC,0.580302345184485
V,GTG,-0.08249798556268301
V,GTC,0.936582772258918
Y,TAC,0.410057099570831
Z,AGC,0.425120944559574
