AA,Codon,Mean
A,GCG,0.23023433398405702
A,GCC,0.036484868356958
C,TGC,0.342455329416196
D,GAC,-0.186628035152952
E,GAG,0.0528402219968538
F,TTC,-0.18177770844996
G,GGG,0.504709808240335
G,GGC,0.333578401575486
H,CAC,-0.458060981931289
I,ATC,-0.089048922547698
K,AAG,-0.196625918200612
L,CTC,-0.02422825378576904
L,TTG,-0.343992009864251
N,AAC,-0.287175911390781
P,CCG,0.835870690827569
P,CCC,0.11668309943527
Q,CAG,0.322670426160097
R,AGG,0.535334516050418
R,CGG,0.1156739398320501
R,CGC,0.549863962064187
S,TCG,0.2086113737305186
S,TCC,-0.069912242650489
T,ACG,0.316604484022657
T,ACC,-0.117771221640209
V,GTG,-0.248999853477875
V,GTC,-0.0357426461417228
Y,TAC,-0.329870357577006
Z,AGC,-0.0296461459411427
