AA,Codon,Mean
A,GCG,1.048991286904716
A,GCC,0.447074385613203
C,TGC,0.30474484329323
D,GAC,0.643929333364963
E,GAG,0.521608567376932
F,TTC,0.554132876797517
G,GGG,0.732158276772499
G,GGC,0.324606838812431
H,CAC,0.734353129299482
I,ATC,0.501519046805302
K,AAG,0.346006812606255
L,CTG,-0.012677729300658025
L,CTC,0.6571681923508639
L,TTG,-0.271037202163537
N,AAC,0.414617746331294
P,CCG,0.9063833317196001
P,CCC,0.43951451267004
Q,CAG,0.383097320671876
R,AGG,0.5051681146780691
R,CGG,0.6654520872905849
R,CGC,0.615817628622055
S,TCG,0.8063054456567391
S,TCC,0.399709118906657
T,ACG,0.7538540383802729
T,ACC,0.474586000307401
V,GTG,-0.10938912427028102
V,GTC,0.621367126182715
Y,TAC,0.319911428538958
Z,AGC,0.369501301968098
