AA,Codon,Mean
A,GCG,0.232048479586839
A,GCC,-0.00220269630099165
C,TGC,0.158517801068226
D,GAC,-0.171072234795491
E,GAG,-0.146976358426611
F,TTC,-0.251431785873572
G,GGG,0.361443648819129
G,GGC,0.297504398109516
H,CAC,-0.295612244602044
I,ATC,-0.0929232672984401
K,AAG,-0.276194513752063
L,CTG,-0.2413860381633049
L,CTC,-0.005134595382710022
L,TTG,-0.242130020091931
N,AAC,-0.317341729813814
P,CCG,0.4466071137040851
P,CCC,0.164470445017517
Q,CAG,0.0230576906584339
R,AGG,0.42707816464071147
R,CGG,0.18168245066404298
R,CGC,0.265881585552295
S,TCG,-0.016580527407923984
S,TCC,-0.0356094896903882
T,ACG,0.07426117692589801
T,ACC,-0.0776307152527074
V,GTG,-0.10947295698026802
V,GTC,-0.0638613026311
Y,TAC,-0.296775734796127
Z,AGC,-0.0143161383648071
