AA,Codon,Mean
A,GCG,1.162305140926441
A,GCC,0.548828775990009
C,TGC,0.516188213745753
D,GAC,0.612164689369996
E,GAG,0.515227817275127
F,TTC,0.504339110612869
G,GGG,0.962093448098501
G,GGC,0.745279426638285
H,CAC,0.725297814528147
I,ATC,0.604628454995155
K,AAG,0.278472043352326
L,CTG,-0.06822376456260704
L,CTC,0.832812167076268
L,TTG,-0.310218246320883
N,AAC,0.360315000754595
P,CCG,1.0919841095241205
P,CCC,0.616932872370879
Q,CAG,0.434092252143224
R,AGG,0.7542646439522539
R,CGG,0.9230551270582396
R,CGC,1.04535724076827
S,TCG,0.7821103829200069
S,TCC,0.502154362529516
T,ACG,0.791950019532939
T,ACC,0.552972152628501
V,GTG,-0.12934110010067595
V,GTC,0.698595862543583
Y,TAC,0.300093295945724
Z,AGC,0.575613865655661
