DIC.LogLik	pD.LogLik.1	pD.LogLik.2	Loglik.at.posterior.mean	DIC.LogPost	pD.LogPost.1	pD.LogPost.2	LogPost.at.posterior.mean	Parameters	Samples.used
5478457.707405133	-583.4034613398835	5522.183506262148	-2733706.6701963046	5504382.576731245	34.40672339498997	14366.880258145766	-2737824.408107477	5091	7500
