AA,Codon,Mean
A,GCG,0.6375487023074694
A,GCC,0.171252833090226
C,TGC,-0.216946785038213
D,GAC,0.848069013949235
E,GAG,0.323669308847189
F,TTC,0.768856368505955
G,GGG,0.3730150433220689
G,GGC,-0.0284213527218701
H,CAC,0.62949268604517
I,ATC,0.63286418000857
K,AAG,0.298474277836084
L,CTG,-0.017702277127900956
L,CTC,0.6796249634136761
L,TTG,-0.130571028223137
N,AAC,0.664084269142151
P,CCG,0.147592713101208
P,CCC,0.207568281555672
Q,CAG,0.0336142663558788
R,AGG,0.23199069976409303
R,CGG,-0.13599316391348804
R,CGC,-0.24649642871817
S,TCG,0.390557394949098
S,TCC,0.321308733922243
T,ACG,0.6427016402831931
T,ACC,0.405674286270142
V,GTG,-0.39864230666666584
V,GTC,0.880538704208533
Y,TAC,0.422901469779015
Z,AGC,0.12772581371516
