AA,Codon,Mean
A,GCG,-0.2971390190124499
A,GCC,-0.968422927375635
C,TGC,-1.21763656733831
D,GAC,-0.203823111136754
E,GAG,-0.645209998015563
F,TTC,-0.091614867379951
G,GGG,-0.5345379420200971
G,GGC,-1.28605740255515
H,CAC,-0.689558066292604
I,ATC,-0.548627267873287
K,AAG,-0.30555214000841
L,CTG,-1.1035944601958536
L,CTC,-0.500824898507198
L,TTG,-1.45973439771334
N,AAC,-0.323392301090558
P,CCG,-1.060613480444747
P,CCC,-0.900750997094313
Q,CAG,-1.08624202315807
R,AGG,-0.39096814659436896
R,CGG,-1.6563062896986809
R,CGC,-1.78260212043921
S,TCG,-0.8870498341277211
S,TCC,-0.510616805622975
T,ACG,-0.33608839831749104
T,ACC,-0.4611196487089
V,GTG,-1.529930263453718
V,GTC,0.121987962766488
Y,TAC,-0.747550503671169
Z,AGC,-0.757852834407489
