AA,Codon,Mean
A,GCG,0.9119764580925329
A,GCC,0.381047957118352
C,TGC,0.408878137965997
D,GAC,0.207852645064394
E,GAG,0.021945492017742
F,TTC,-0.165929904985428
G,GGG,1.144500689103203
G,GGC,0.917879113980134
H,CAC,0.151460857199629
I,ATC,0.250831035627921
K,AAG,-0.292069800563653
L,CTG,0.571573810444276
L,CTC,0.5175585317643979
L,TTG,-0.152328151831528
N,AAC,-0.0755282769319912
P,CCG,1.1317772575146168
P,CCC,1.0508209737579
Q,CAG,0.063725886736686
R,AGG,0.640773199077447
R,CGG,0.365664955254399
R,CGC,1.53021740910212
S,TCG,0.31937387782534
S,TCC,0.306935906499624
T,ACG,0.35839698755741106
T,ACC,0.204313076113661
V,GTG,-0.511325497118636
V,GTC,0.189377059458693
Y,TAC,0.016487146211692
Z,AGC,0.415620280234019
