AA,Codon,Mean
A,GCG,0.8421221422620918
A,GCC,0.673931068019072
C,TGC,-0.0508767007687818
D,GAC,0.476759656749169
E,GAG,0.522393868156274
F,TTC,0.507953782516718
G,GGG,0.580758015675346
G,GGC,0.0234344588171834
H,CAC,0.494289958542585
I,ATC,0.669636898044745
K,AAG,0.45346784080863
L,CTG,0.02381617274681702
L,CTC,0.780908969278136
L,TTG,-0.0478094446102424
N,AAC,0.287809341003497
P,CCG,0.9432616517047077
P,CCC,0.768972984194756
Q,CAG,0.523365568562349
R,AGG,0.23279477244615698
R,CGG,0.459801071211323
R,CGC,-0.0226906779560759
S,TCG,0.8342628619525578
S,TCC,0.71788867888848
T,ACG,0.9415796686485409
T,ACC,0.613264944807688
V,GTG,-0.11847195120652498
V,GTC,0.846162983647982
Y,TAC,0.209044899438818
Z,AGC,-0.0916637337952852
