AA,Codon,Mean
A,GCG,-0.8750397374570369
A,GCC,-0.604286876527468
C,TGC,-0.450840169513226
D,GAC,-0.96050493118763
E,GAG,-0.733306594415506
F,TTC,-0.827466890509923
G,GGG,-0.438258500729501
G,GGC,-0.290785827744007
H,CAC,-0.960657590258121
I,ATC,-0.767328139619033
K,AAG,-0.897567315757275
L,CTG,-0.730305113326013
L,CTC,-0.804890634353956
L,TTG,-1.0879725937287
N,AAC,-1.03761651089191
P,CCG,-0.34464155463924
P,CCC,-0.5263854141891
Q,CAG,-0.775894662630558
R,AGG,0.312472020719449
R,CGG,-0.959743285384774
R,CGC,-0.41984523845315
S,TCG,-1.012563149396579
S,TCC,-0.576236864976088
T,ACG,-0.771697186220686
T,ACC,-0.644376084371408
V,GTG,-0.842336351775626
V,GTC,-0.717131743268172
Y,TAC,-1.06228887883822
Z,AGC,-0.626085620768865
