DIC.LogLik	pD.LogLik.1	pD.LogLik.2	Loglik.at.posterior.mean	DIC.LogPost	pD.LogPost.1	pD.LogPost.2	LogPost.at.posterior.mean	Parameters	Samples.used
3172087.7247200296	-3348.6447046687827	4774.062924380938	-1581269.799435634	3207213.1721923277	-2895.9802283910103	18361.80719489358	-1585244.7789012704	4796	7500
