DIC.LogLik	pD.LogLik.1	pD.LogLik.2	Loglik.at.posterior.mean	DIC.LogPost	pD.LogPost.1	pD.LogPost.2	LogPost.at.posterior.mean	Parameters	Samples.used
4801749.388609021	-176.33266210742295	5248.3985029632195	-2395626.2958015474	4832011.335680216	235.4642399083823	16144.246064708012	-2399861.4217753997	5076	7500
