AA,Codon,Mean
A,GCG,0.746166353716453
A,GCC,0.244972041089336
C,TGC,0.166758705672622
D,GAC,0.587974271476269
E,GAG,0.575737620262305
F,TTC,0.419063348845641
G,GGG,0.38271686027844753
G,GGC,0.298265345745285
H,CAC,0.697402500402927
I,ATC,0.44108103218476
K,AAG,0.469341335682074
L,CTG,-0.03704459138711297
L,CTC,0.5171108557661349
L,TTG,0.013959396594629
N,AAC,0.475462169335286
P,CCG,0.45826395703107203
P,CCC,0.283176514699062
Q,CAG,0.468958523883422
R,AGG,0.3697139188289661
R,CGG,0.5325136506646879
R,CGC,0.49848623693188
S,TCG,0.48217565517028205
S,TCC,0.368265921103954
T,ACG,0.49577271239459497
T,ACC,0.36609411350886
V,GTG,0.027858485059439997
V,GTC,0.52247308721145
Y,TAC,0.432740173918009
Z,AGC,0.321851930854718
