AA,Codon,Mean
A,GCG,-0.11527345410982698
A,GCC,-0.700686408909162
C,TGC,-0.627143720451991
D,GAC,-0.422409453793367
E,GAG,-0.241998767713706
F,TTC,-0.444766886216402
G,GGG,-0.4128849264409856
G,GGC,-0.743701512153943
H,CAC,-0.239549933751424
I,ATC,-0.573626825773716
K,AAG,-0.225803850172957
L,CTG,-1.217057370605072
L,CTC,-0.49592653075854
L,TTG,-0.897497661916415
N,AAC,-0.487377713882923
P,CCG,-0.614672392120872
P,CCC,-0.880894126745065
Q,CAG,-0.471267706364393
R,AGG,-0.08542269001802016
R,CGG,-0.433237001105149
R,CGC,-0.650005721787612
S,TCG,-0.6707506381838447
S,TCC,-0.519125231180588
T,ACG,-0.45237893554766906
T,ACC,-0.51566638387243
V,GTG,-1.0596162660709803
V,GTC,-0.461397629451752
Y,TAC,-0.554926011492809
Z,AGC,-0.524051893558105
