AA,Codon,Mean
A,GCG,0.346382024884224
A,GCC,0.204099233229955
C,TGC,0.599614558053017
D,GAC,0.0297887768801923
E,GAG,0.496412354560693
F,TTC,-0.213763751792908
G,GGG,-0.02378309681018209
G,GGC,0.67536811936299
H,CAC,-0.0602896425830821
I,ATC,0.0258302268825471
K,AAG,-0.208041974833608
L,CTG,0.46239211347599907
L,CTC,0.44492159072359405
L,TTG,-0.090639379487435
N,AAC,-0.221389892263214
P,CCG,1.0867608909597
P,CCC,0.46168049437205
Q,CAG,0.633031235965093
R,AGG,0.7764209042037432
R,CGG,0.02720933523177993
R,CGC,0.818931648786863
S,TCG,0.323396962694327
S,TCC,0.10042748178194
T,ACG,0.45611419688264604
T,ACC,0.0621072153655191
V,GTG,0.00782630774180093
V,GTC,0.0462954244504372
Y,TAC,-0.217762014259895
Z,AGC,0.148594348243872
