DIC.LogLik	pD.LogLik.1	pD.LogLik.2	Loglik.at.posterior.mean	DIC.LogPost	pD.LogPost.1	pD.LogPost.2	LogPost.at.posterior.mean	Parameters	Samples.used
5165048.175346133	-1149.4728366630152	5487.233268665536	-2577036.854404401	5194443.365761467	-416.89448045846075	15585.912306278105	-2581635.7705744556	5581	7500
