AA,Codon,Mean
A,GCG,0.699002294187745
A,GCC,0.211892126812538
C,TGC,0.181872112158934
D,GAC,0.661878690429529
E,GAG,0.569143578743935
F,TTC,0.412975093652805
G,GGG,0.5103116261762025
G,GGC,0.255080843111873
H,CAC,0.699629760193825
I,ATC,0.463771387511492
K,AAG,0.453039658733209
L,CTG,-0.08384859329859401
L,CTC,0.5512048535029132
L,TTG,-0.0260809705589005
N,AAC,0.578461252903938
P,CCG,0.5142764677606527
P,CCC,0.295277816158533
Q,CAG,0.44489484787782
R,AGG,0.39900670395692195
R,CGG,0.534781941122313
R,CGC,0.412781252096097
S,TCG,0.550866775427262
S,TCC,0.311857966202498
T,ACG,0.49794941554864297
T,ACC,0.384592323688666
V,GTG,0.015584566556413992
V,GTC,0.513106237393618
Y,TAC,0.491843504999081
Z,AGC,0.294292548351487
