AA,Codon,Mean
A,GCG,0.09778501071135204
A,GCC,0.0494152097706993
C,TGC,0.332458458393812
D,GAC,-0.139513189481695
E,GAG,0.254176001736522
F,TTC,-0.30587985060811
G,GGG,-0.17783133343855595
G,GGC,0.412785578463475
H,CAC,-0.206260659194986
I,ATC,-0.107076724365354
K,AAG,-0.285307731123765
L,CTG,0.07873133296370505
L,CTC,0.12905111362536803
L,TTG,-0.219728984041015
N,AAC,-0.358589759085576
P,CCG,0.6375673430413
P,CCC,0.158428225029508
Q,CAG,0.310253372528156
R,AGG,0.49076582967267535
R,CGG,-0.19632201760610002
R,CGC,0.478357551791271
S,TCG,0.05073445703585999
S,TCC,-0.0185462193037839
T,ACG,0.11506607764363297
T,ACC,-0.0606633583118518
V,GTG,-0.20634196347196893
V,GTC,-0.0812434694640338
Y,TAC,-0.36080724379619
Z,AGC,0.0112506519721767
