DIC.LogLik	pD.LogLik.1	pD.LogLik.2	Loglik.at.posterior.mean	DIC.LogPost	pD.LogPost.1	pD.LogPost.2	LogPost.at.posterior.mean	Parameters	Samples.used
7967402.63987387	-1278.2917666761205	8252.80112110492	-3975448.51881583	8073862.006552329	143.61109158862382	55881.95367420191	-3981049.049601963	8737	7500
