DIC.LogLik	pD.LogLik.1	pD.LogLik.2	Loglik.at.posterior.mean	DIC.LogPost	pD.LogPost.1	pD.LogPost.2	LogPost.at.posterior.mean	Parameters	Samples.used
5424282.646362833	-1563.923495576717	5221.664852807877	-2706919.6583286086	5454818.4272539765	-1205.012681772001	19406.048733940945	-2708003.1648930474	4993	7500
