DIC.LogLik	pD.LogLik.1	pD.LogLik.2	Loglik.at.posterior.mean	DIC.LogPost	pD.LogPost.1	pD.LogPost.2	LogPost.at.posterior.mean	Parameters	Samples.used
4990302.881117287	-1345.588553931564	4577.6716246061915	-2490573.7689340375	5042742.249301493	-998.3463232535869	26684.17084101137	-2494686.9538097354	4893	7500
