DIC.LogLik	pD.LogLik.1	pD.LogLik.2	Loglik.at.posterior.mean	DIC.LogPost	pD.LogPost.1	pD.LogPost.2	LogPost.at.posterior.mean	Parameters	Samples.used
5068058.950686704	240.49066760297865	4875.540656404317	-2529153.934686948	5101390.152996972	841.5179051570594	18113.75162932257	-2532581.3248691633	4613	7500
