DIC.LogLik	pD.LogLik.1	pD.LogLik.2	Loglik.at.posterior.mean	DIC.LogPost	pD.LogPost.1	pD.LogPost.2	LogPost.at.posterior.mean	Parameters	Samples.used
5234797.639083951	-1343.3427378060296	5061.011237987253	-2612337.808303988	5271823.57912377	-798.1955424901098	19124.52091541639	-2616787.2686464684	5264	7500
