AA,Codon,Mean
A,GCG,-0.5399844176427254
A,GCC,-0.697282429448764
C,TGC,-0.264423243936896
D,GAC,-0.94861640206178
E,GAG,-0.957642182203134
F,TTC,-0.184857217933734
G,GGG,1.4288687694350881
G,GGC,-0.985492591027419
H,CAC,-0.611886013225714
I,ATC,-0.0794726883382226
K,AAG,-1.33306290394465
L,CTG,-2.4265225627382563
L,CTC,-0.94214846671919
L,TTG,-2.32275390960375
N,AAC,-1.49687474195957
P,CCG,-0.903648265670765
P,CCC,-0.746273532438278
Q,CAG,-1.49960716543198
R,AGG,1.3326923462157458
R,CGG,0.32316863051255984
R,CGC,-0.282603437395891
S,TCG,-1.680231060131391
S,TCC,-0.344691504077117
T,ACG,-0.6050806165193521
T,ACC,-0.896951735182603
V,GTG,-2.64982059830825
V,GTC,-0.620528648841381
Y,TAC,-1.49259557142258
Z,AGC,-0.88476171460549
