AA,Codon,Mean
A,GCG,-0.36490313871900204
A,GCC,-0.26185624559323
C,TGC,0.0320036692677488
D,GAC,-0.571350388054053
E,GAG,-0.158427732202907
F,TTC,0.131919460971157
G,GGG,0.46308856742779403
G,GGC,-0.808960279683272
H,CAC,-0.0260049204172784
I,ATC,0.0709433750552436
K,AAG,-0.302792201037208
L,CTG,-1.46677957110405
L,CTC,-0.6067478030622
L,TTG,-1.56818775028388
N,AAC,-0.652836564882596
P,CCG,-0.604234059245225
P,CCC,-0.152590398264925
Q,CAG,-0.552785670900345
R,AGG,0.49498386084457957
R,CGG,-0.444570709681511
R,CGC,-0.938282493789991
S,TCG,-0.9993549008040443
S,TCC,0.0213193547396348
T,ACG,-0.508927378201484
T,ACC,-0.366626788057884
V,GTG,-1.864513862260184
V,GTC,-0.306601520984371
Y,TAC,-0.659371061265469
Z,AGC,-0.347056231081486
