AA,Codon,Mean
A,GCG,0.7652277360518769
A,GCC,0.177447297763824
C,TGC,0.0545362060878358
D,GAC,0.117740474199255
E,GAG,-0.558836890798807
F,TTC,-0.405166881813606
G,GGG,1.117453715066112
G,GGC,0.556058890016874
H,CAC,-0.226056754963597
I,ATC,-0.0854182726666331
K,AAG,-0.815200302040577
L,CTG,-0.21340506287018499
L,CTC,0.17494283887942608
L,TTG,-0.295193576551477
N,AAC,-0.402753140322367
P,CCG,0.7475013223012301
P,CCC,0.0628471952640141
Q,CAG,-0.508606751191616
R,AGG,0.94535244047344
R,CGG,1.348065326178074
R,CGC,1.4743892220974
S,TCG,0.455314491395152
S,TCC,0.158413982557257
T,ACG,0.8579461136539779
T,ACC,0.113438047678272
V,GTG,0.14550547042290396
V,GTC,0.104927290012936
Y,TAC,-0.374197006551425
Z,AGC,0.0614713534219632
