AA,Codon,Mean
A,GCG,0.14701794943610896
A,GCC,0.0537853417831163
C,TGC,0.340607707063357
D,GAC,-0.115464452877144
E,GAG,0.232229987508059
F,TTC,-0.245255036082864
G,GGG,-0.12229560237725601
G,GGC,0.378832448858023
H,CAC,-0.170997644443313
I,ATC,-0.0735204487783213
K,AAG,-0.252933766169349
L,CTG,0.11759925017456202
L,CTC,0.21570164639353706
L,TTG,-0.183319660791755
N,AAC,-0.27728342838486
P,CCG,0.676855392403404
P,CCC,0.216994991011421
Q,CAG,0.353064779619376
R,AGG,0.4840018596275295
R,CGG,-0.21783209563494
R,CGC,0.462094283380111
S,TCG,0.03740372571150502
S,TCC,-0.0121881947835842
T,ACG,0.12490569928288403
T,ACC,-0.0494104855698844
V,GTG,-0.19999623435735703
V,GTC,-0.0572998383492231
Y,TAC,-0.285575650861859
Z,AGC,0.00279402830078166
