AA,Codon,Mean
A,GCG,0.892208063643177
A,GCC,0.475096348847946
C,TGC,0.369536911477645
D,GAC,0.800943056952953
E,GAG,0.664411315965653
F,TTC,0.571238550488154
G,GGG,0.6607304841478661
G,GGC,0.569484669673443
H,CAC,0.801017862506707
I,ATC,0.648988024576505
K,AAG,0.534329309606552
L,CTG,0.16637820474505494
L,CTC,0.69791068157752
L,TTG,0.137477299049497
N,AAC,0.62577640688022
P,CCG,0.7477276402985054
P,CCC,0.553719799294074
Q,CAG,0.535374926249186
R,AGG,0.515773822697007
R,CGG,0.6771071878248057
R,CGC,0.656349851516883
S,TCG,0.769306739605218
S,TCC,0.590145987272263
T,ACG,0.766190609022975
T,ACC,0.588081499361992
V,GTG,0.243605885088444
V,GTC,0.762495832761129
Y,TAC,0.561505108312766
Z,AGC,0.493714422692855
