DIC.LogLik	pD.LogLik.1	pD.LogLik.2	Loglik.at.posterior.mean	DIC.LogPost	pD.LogPost.1	pD.LogPost.2	LogPost.at.posterior.mean	Parameters	Samples.used
5217591.123919792	-1318.4812706084922	5155.595133540697	-2603639.966826355	5253871.43421521	-801.5497140334919	18854.14070379502	-2608081.57640381	5304	7500
