AA,Codon,Mean
A,GCG,2.021829226094482
A,GCC,0.920850540236632
C,TGC,1.40658200582663
D,GAC,1.56989396529198
E,GAG,1.26001811651389
F,TTC,0.671511032025019
G,GGG,0.8576117060617664
G,GGC,1.59383942534129
H,CAC,1.81611397916476
I,ATC,1.02643608156443
K,AAG,0.997268144329389
L,CTC,1.2683940209945002
L,TTG,0.643845167585214
N,AAC,1.61261712427139
P,CCG,1.294204466073714
P,CCC,0.870861030435562
Q,CAG,1.3517050772508
R,AGG,1.368949061657966
R,CGG,1.0069576549484487
R,CGC,1.82300865752697
S,TCG,1.145476384053628
S,TCC,0.801965614271164
T,ACG,1.057630822209517
T,ACC,0.86302217130661
V,GTG,0.29976080086231394
V,GTC,1.52105247092247
Y,TAC,1.33282931792736
Z,AGC,1.39614475274086
