AA,Codon,Mean
A,GCG,1.714628621439139
A,GCC,0.525849699354172
C,TGC,0.607203066152334
D,GAC,0.997824293243885
E,GAG,0.572797871295611
F,TTC,0.528344593364
G,GGG,0.784537359676758
G,GGC,0.679907540508111
H,CAC,1.29773151269754
I,ATC,0.615716387764613
K,AAG,0.522134748264154
L,CTC,0.8185774733483799
L,TTG,0.102405439769973
N,AAC,1.10653152662913
P,CCG,0.6010239370465275
P,CCC,0.308727557310462
Q,CAG,0.518698326098919
R,AGG,0.5905366277416549
R,CGG,0.733729452392383
R,CGC,0.837445627721151
S,TCG,0.599825113367537
S,TCC,0.469518303507566
T,ACG,0.672599908743178
T,ACC,0.464365973365307
V,GTG,0.06585553890863999
V,GTC,0.984058615251382
Y,TAC,0.870138291060925
Z,AGC,0.781137349879742
