AA,Codon,Mean
A,GCG,0.2672697967489519
A,GCC,0.114860950261354
C,TGC,0.406267235883077
D,GAC,1.7926557828544e-4
E,GAG,0.750937129592895
F,TTC,-0.273941817928354
G,GGG,-0.325558395965899
G,GGC,0.54677973938783
H,CAC,-0.342576151218017
I,ATC,-0.0414647739217927
K,AAG,0.156661139304439
L,CTC,0.132620966845751
L,TTG,0.0771778916666905
N,AAC,-0.322860770845413
P,CCG,0.923844373668234
P,CCC,0.580122815479835
Q,CAG,0.736031068007151
R,AGG,1.0419622048253665
R,CGG,0.03886626681486005
R,CGC,0.604068424693743
S,TCG,0.25191035851438803
S,TCC,0.168031818859776
T,ACG,0.30895146328211087
T,ACC,-0.0336809867513056
V,GTG,-0.16407325235605208
V,GTC,0.0353540485878009
Y,TAC,-0.319752881060044
Z,AGC,0.0546705292524818
