DIC.LogLik	pD.LogLik.1	pD.LogLik.2	Loglik.at.posterior.mean	DIC.LogPost	pD.LogPost.1	pD.LogPost.2	LogPost.at.posterior.mean	Parameters	Samples.used
5467235.677633061	-4350.781324421056	7013.550534648213	-2726604.288281882	5528900.64799277	-3171.4536604648456	35681.4166608707	-2728768.907335514	6987	7500
