AA,Codon,Mean
A,GCG,0.9132905608216919
A,GCC,0.511622114052375
C,TGC,0.312879163851341
D,GAC,0.793840669159094
E,GAG,0.712644935675462
F,TTC,0.64658949094216
G,GGG,0.7282792332535483
G,GGC,0.482600985519091
H,CAC,0.80678270522356
I,ATC,0.723946043340365
K,AAG,0.604752837399642
L,CTG,0.18492176874677296
L,CTC,0.734486444528895
L,TTG,0.229312918412685
N,AAC,0.665302207883199
P,CCG,0.7147428909530243
P,CCC,0.572069135506948
Q,CAG,0.591967105507851
R,AGG,0.44406126521031397
R,CGG,0.6905168426190811
R,CGC,0.619201112484932
S,TCG,0.791692972349376
S,TCC,0.570192173548539
T,ACG,0.7306741323024041
T,ACC,0.603791775369644
V,GTG,0.315124322796861
V,GTC,0.793939548341433
Y,TAC,0.565092557617029
Z,AGC,0.431350481247902
