AA,Codon,Mean
A,GCG,0.594815910773476
A,GCC,0.183008915043374
C,TGC,-0.00761096891116846
D,GAC,0.274423963831862
E,GAG,0.332682945662737
F,TTC,0.292446267774701
G,GGG,0.41834062560896756
G,GGC,0.0421956887395298
H,CAC,0.392673147974412
I,ATC,0.287794644592206
K,AAG,0.215327817003926
L,CTG,-0.30592319731017004
L,CTC,0.251762620504697
L,TTG,-0.234627827588717
N,AAC,0.220381659738223
P,CCG,0.388254122657849
P,CCC,0.149632752947013
Q,CAG,0.161800798173745
R,AGG,0.31903659887313995
R,CGG,0.2126756254904479
R,CGC,0.0260375497397558
S,TCG,0.321236778132515
S,TCC,0.30751434322993
T,ACG,0.394217939175666
T,ACC,0.289371516190966
V,GTG,-0.0858385973264575
V,GTC,0.349269992872079
Y,TAC,0.0735194403116902
Z,AGC,0.0463235599994082
