AA,Codon,Mean
A,GCG,0.21906570712725304
A,GCC,0.087055974363784
C,TGC,0.410942007859548
D,GAC,-0.0574081667135159
E,GAG,0.294578823218743
F,TTC,-0.224572001249592
G,GGG,-0.06677203031381007
G,GGC,0.505374438005686
H,CAC,-0.14021355761985
I,ATC,-0.0410865164492279
K,AAG,-0.218555329929789
L,CTG,0.28815243935485696
L,CTC,0.34125856682459504
L,TTG,-0.153953651876251
N,AAC,-0.24288632688423
P,CCG,0.8373667215188341
P,CCC,0.340785859523217
Q,CAG,0.439687601520618
R,AGG,0.5405395410666243
R,CGG,-0.09827467645008992
R,CGC,0.60117328924338
S,TCG,0.181425774453084
S,TCC,0.0149267400060385
T,ACG,0.269968143665791
T,ACC,-0.017157933791397
V,GTG,-0.154901435764631
V,GTC,-0.010200986241387
Y,TAC,-0.218027822730939
Z,AGC,0.0784175397711496
