AA,Codon,Mean
A,GCG,0.15134404739141116
A,GCC,-0.0449217527344823
C,TGC,0.436099414277077
D,GAC,-0.350524442952871
E,GAG,0.291199458475908
F,TTC,-0.432115793067217
G,GGG,0.37229270932276703
G,GGC,0.508635492316882
H,CAC,-0.57088452813228
I,ATC,-0.209580772532026
K,AAG,-0.731379998032252
L,CTC,0.011241843505700011
L,TTG,-0.420637497144938
N,AAC,-0.718872637585799
P,CCG,1.0707869819055
P,CCC,0.259340179137389
Q,CAG,0.141129788109163
R,AGG,0.9900119704037901
R,CGG,-0.3272435758670198
R,CGC,0.819174830679099
S,TCG,-0.476672135669987
S,TCC,-0.099266531423231
T,ACG,-0.02638976681629801
T,ACC,-0.200511120022337
V,GTG,-0.202105712211132
V,GTC,-0.156141144420703
Y,TAC,-0.635806076498826
Z,AGC,-0.0897546639626225
