AA,Codon,Mean
A,GCG,1.49902466044426
A,GCC,0.473581215169032
C,TGC,0.411588333936532
D,GAC,0.402988411843777
E,GAG,0.457863663794597
F,TTC,0.127419773203135
G,GGG,1.029184383140008
G,GGC,0.0690341652975728
H,CAC,0.671201986543338
I,ATC,0.182316170995434
K,AAG,0.16029220618854
L,CTC,0.353653259481986
L,TTG,-0.740921406416098
N,AAC,0.369694758989414
P,CCG,0.49499739742626786
P,CCC,0.486061959590515
Q,CAG,-0.0499125260167445
R,AGG,0.831414016140502
R,CGG,0.697988086177657
R,CGC,0.501266375462214
S,TCG,0.4615004690288318
S,TCC,0.608969245378176
T,ACG,0.720266960021357
T,ACC,0.555493511442343
V,GTG,0.2242778646493953
V,GTC,0.444087017812332
Y,TAC,0.203942641495665
Z,AGC,0.292722499014934
