DIC.LogLik	pD.LogLik.1	pD.LogLik.2	Loglik.at.posterior.mean	DIC.LogPost	pD.LogPost.1	pD.LogPost.2	LogPost.at.posterior.mean	Parameters	Samples.used
5696543.520180579	-5797.340342653915	5641.794268893362	-2842629.965821396	5750610.152253711	-5354.039145145565	27587.19850991729	-2847717.877616938	5968	7500
