AA,Codon,Mean
A,GCG,2.678755949342252
A,GCC,1.82489827346007
C,TGC,1.3821398854812
D,GAC,2.10396546518008
E,GAG,1.06464302558104
F,TTC,1.42562547708352
G,GGG,1.2918124080181128
G,GGC,1.78756073908011
H,CAC,2.08686830853621
I,ATC,1.57156376342773
K,AAG,1.85426411739985
L,CTG,0.7415754526813779
L,CTC,1.679212304955227
L,TTG,0.571631687311331
N,AAC,1.49106311516762
P,CCG,2.501663070578869
P,CCC,1.66722389695644
Q,CAG,1.44798739462694
R,AGG,1.804577155590057
R,CGG,0.963917535154677
R,CGC,2.05927225878239
S,TCG,2.7871846762269703
S,TCC,1.67929646648566
T,ACG,2.4972606094042478
T,ACC,1.90795763898691
V,GTG,0.519178075370192
V,GTC,1.65092115396659
Y,TAC,1.5528627956152
Z,AGC,1.58208831091722
