AA,Codon,Mean
A,GCG,0.3426483476161999
A,GCC,-0.145611250049869
C,TGC,0.652870747391383
D,GAC,-0.232199336507916
E,GAG,0.807957452893257
F,TTC,-0.639074352327983
G,GGG,0.23136510470708016
G,GGC,0.768537822544575
H,CAC,-0.510046035850048
I,ATC,-0.346541332270702
K,AAG,-0.546554512653748
L,CTG,0.571800577094155
L,CTC,0.946840780154866
L,TTG,-0.0100556708776371
N,AAC,-0.57622733558019
P,CCG,0.82007455184261
P,CCC,1.01974223589102
Q,CAG,1.16994316339493
R,AGG,1.416227040249109
R,CGG,1.4668797726551701
R,CGC,0.780761352316042
S,TCG,0.670794825128711
S,TCC,-0.190771381358306
T,ACG,1.193309746472044
T,ACC,-0.198149088250597
V,GTG,0.7253508493781119
V,GTC,-0.223129486870766
Y,TAC,-0.595296678658326
Z,AGC,-0.0576120767063934
