AA,Codon,Mean
A,GCG,1.688438903522491
A,GCC,0.527874328627189
C,TGC,0.907023736011982
D,GAC,0.98926006427606
E,GAG,0.643070695304871
F,TTC,0.982346957786878
G,GGG,0.46999866047849204
G,GGC,0.827163881651561
H,CAC,0.938051076237361
I,ATC,0.961693357014656
K,AAG,0.741447902282079
L,CTC,0.9744108385205301
L,TTG,-0.0871863228440285
N,AAC,0.884347129130364
P,CCG,1.130061605904499
P,CCC,0.517222831014792
Q,CAG,0.764429507263501
R,AGG,0.8622476035098241
R,CGG,0.979308413974196
R,CGC,0.871155671143532
S,TCG,0.852545794902245
S,TCC,0.657461022412777
T,ACG,1.189154018729925
T,ACC,0.594586183544
V,GTG,-0.10856142456630902
V,GTC,1.07628924303055
Y,TAC,0.941522430594762
Z,AGC,0.891626872905095
