AA,Codon,Mean
A,GCG,2.232752704610426
A,GCC,0.844059975592295
C,TGC,2.28586763240496
D,GAC,2.13666056043307
E,GAG,1.8586219943126
F,TTC,1.11369221496582
G,GGG,0.7650856470809783
G,GGC,1.89260398976008
H,CAC,2.12674535872142
I,ATC,1.58214237786929
K,AAG,1.70760872242451
L,CTC,1.776183717179296
L,TTG,0.911241473662853
N,AAC,1.84828686767419
P,CCG,1.842431346275408
P,CCC,0.998898178549608
Q,CAG,2.18170004609426
R,AGG,1.6922739383856449
R,CGG,1.786269938604037
R,CGC,2.23981556668282
S,TCG,1.7848397803545
S,TCC,1.11997824497223
T,ACG,1.5436607995904956
T,ACC,1.05935916403135
V,GTG,0.28026252766648896
V,GTC,1.60669150800705
Y,TAC,2.25062436389923
Z,AGC,2.07161467464765
