AA,Codon,Mean
A,GCG,0.4690402202089621
A,GCC,0.0745235740418235
C,TGC,0.30178052632014
D,GAC,-0.138524622249107
E,GAG,0.433732055066029
F,TTC,-0.301787365833918
G,GGG,0.09248840740919095
G,GGC,0.460155531567335
H,CAC,-0.301863473878304
I,ATC,-0.0969673732345303
K,AAG,-0.0584592618592083
L,CTC,0.16619116118152905
L,TTG,-0.222953747509917
N,AAC,-0.363600891184807
P,CCG,0.896197033032775
P,CCC,0.524692581172784
Q,CAG,0.540789944177866
R,AGG,1.07809524573187
R,CGG,0.39852793049812996
R,CGC,0.966561197928588
S,TCG,0.23826766079862904
S,TCC,-0.0143075561341983
T,ACG,0.39476431980927806
T,ACC,-0.00651855946467817
V,GTG,-0.12431397172609904
V,GTC,-0.0660588358916342
Y,TAC,-0.4599611916701
Z,AGC,0.0281178091997014
