DIC.LogLik	pD.LogLik.1	pD.LogLik.2	Loglik.at.posterior.mean	DIC.LogPost	pD.LogPost.1	pD.LogPost.2	LogPost.at.posterior.mean	Parameters	Samples.used
4812407.17915642	-1694.283225593157	5416.466714221862	-2400787.122863988	4858179.087867869	-1192.0759478658438	23611.30318335528	-2405478.240750579	5483	7500
