DIC.LogLik	pD.LogLik.1	pD.LogLik.2	Loglik.at.posterior.mean	DIC.LogPost	pD.LogPost.1	pD.LogPost.2	LogPost.at.posterior.mean	Parameters	Samples.used
5595668.52040516	-3100.6998540544882	5870.188205691233	-2791964.071996889	5638218.5800398495	-2585.703803784214	22098.507513724373	-2797010.7825062005	5863	7500
