DIC.LogLik	pD.LogLik.1	pD.LogLik.2	Loglik.at.posterior.mean	DIC.LogPost	pD.LogPost.1	pD.LogPost.2	LogPost.at.posterior.mean	Parameters	Samples.used
5187215.330642218	-1822.243758966215	5136.7062846996405	-2588470.9590364094	5216881.8499000035	-1310.6704740710557	16067.444644363923	-2592373.4803056377	5069	7500
